CNPJ_Classe;Nome_Classe;Data_Referencia;Data_Entrega;Versao;Classe_Unica;CNPJ_Administrador;Nome_Administrador;Data_Registro;Publico_Alvo;Codigo_ISIN;Cotistas_Vinculo_Familiar;Regra_Anexo;Classificacao_Autorregulada;Prazo_Duracao;Encerramento_Exercicio_Social;Mercado_Negociacao;Entidade_Administradora;Email_Administrador;Servico_Atendimento_Cotista;Site;Nome_Gestor;CNPJ_Gestor;Numero_Cotistas;Numero_Cotistas_Pessoa_Natural;Numero_Cotistas_Pessoa_Juridica_Nao_Financeira;Numero_Cotistas_Pessoa_Juridica_Financeira;Numero_Cotistas_Investidor_Nao_Residente;Numero_Cotistas_Entidade_Previdencia_Complementar_Exceto_RPPS;Numero_Cotistas_Entidade_RPPS;Numero_Cotistas_Sociedade_Seguradora_Resseguradora;Numero_Cotistas_Fundos_Investimento;Numero_Cotistas_Distribuidos_Conta_Ordem;Numero_Cotistas_Outros_Tipos;Valor_Ativo;Patrimonio_Liquido;Cotas_Emitidas;Valor_Patrimonial_Cotas;Percentual_Despesas_Taxa_Administracao;Percentual_Despesas_Taxa_Gestao;Percentual_Despesas_Taxa_Distribuicao;Rentabilidade_Efetiva_Mes;Rentabilidade_Patrimonial_Mes;Dividend_Yield_Mes;Percentual_Amortizacao_Cotas_Mes;Total_Necessidades_Liquidez;Fundos_Renda_Fixa;Titulos_Renda_Fixa;Total_Investido;Imoveis_Rurais;Participacoes_Societarias;Ativos_Financeiros_Lato_Sensu;Ativos_Financeiros;Ativos_Financeiros_Emissao_IF;LCA;LCI;Outros_Ativos_Emissao_IF;Outros_Ativos_Financeiros;Valores_Mobiliarios;Titulos_Participacoes_Societarias;Acoes_Certificados_Deposito;Outros_Titulos_Participacao;Titulos_Divida_Corporativa;Debentures;Debentures_Conversiveis;Debentures_Nao_Conversiveis;Notas_Comerciais;Notas_Comerciais_Curto_Prazo;Notas_Comerciais_Longo_Prazo;Outros_Titulos_Divida_Corporativa;Valor_Titulos_Credito;CPR;CPR_Financeira;CPR_Fisica;CDCA;CDA_WA;Outros_Titulos_Credito_Agronegocio;Titulos_Credito_Liquidacao_Financeira;Devedor_Pessoa_Juridica_Liquidacao_Financeira;Devedor_Pessoa_Natural_Liquidacao_Financeira;Titulos_Credito_Liquidacao_Fisica;Devedor_Pessoa_Juridica_Liquidacao_Fisica;Devedor_Pessoa_Natural_Liquidacao_Fisica;Demais_Direitos_Creditorios;Direitos_Creditorios_Agronegocio;Direitos_Creditorios_Imoveis_Rurais;Titulos_Securitizacao;CRA;CRI;Outros_Titulos_Securitizacao;Cotas_Fundos_Investimento;FIF;FIDC;FII;FIP;FIIM;FIAGRO;Creditos_Carbono_Agronegocio;Creditos_Descarbonizacao;Valores_Receber;Total_Ativos_Prazo_Vencimento;A_Vencer;A_Vencer_Ate30Dias;A_Vencer_31a60Dias;A_Vencer_61a90Dias;A_Vencer_91a120Dias;A_Vencer_121a180Dias;A_Vencer_181a360Dias;A_Vencer_361a720Dias;A_Vencer_721a1080Dias;A_Vencer_Acima1080_Dias;Vencidos;Vencidos_Ate30Dias;Vencidos_31a60Dias;Vencidos_61a90Dias;Vencidos_91a120Dias;Vencidos_121a180Dias;Vencidos_181a360Dias;Vencidos_361a720Dias;Vencidos_721a1080Dias;Vencidos_Acima1080Dias;Rendimentos_Distribuir;Taxa_Administracao_Pagar;Taxa_Gestao_Pagar;Taxa_Performance_Pagar;Taxa_Distribuicao_Pagar;Obrigacoes_Aquisicao_Ativos;Adiantamento_Venda_Ativos;Adiantamento_Valores_Receber;Instrumentos_Financeiros_Derivativos;Provisoes_Contigencias;Outros_Valores_Pagar;Total_Passivo;_data;_versao
48050467000172;CAMPO ARADO FUNDO DE INVESTIMENTO EM CADEIAS AGROINDUSTRIAIS;2026-08-01;2026-09-04;1;N;40434681000110;AZUMI DISTRIBUIDORA DE TÍTULOS E VALORES MOBILIÁRIOS LTDA.;2023-12-01;INVESTIDOR PROFISSIONAL;;N;;;0 ANO/ANOS;31/12;BALCAO NAO ORGANIZADO;;atendimento@azumidtvm.com.br;(11) 2626-9780;https://azumidtvm.com.br/;ASSET WEALTH MANAGEMENT LTDA;42221617000187;115;90;5;0;0;0;0;0;20;0;0;107210885.67;106618425.08;83088;66274.46;0.0400;0.8300;0.0000;-10.95;-10.95;0.00;0.0000;41611.24;41611.24;0.00;106770369.86;7192093.37;0.00;3000000.00;0.00;0.00;0.00;0.00;0.00;0.00;0.00;0.00;0.00;0.00;0.00;0.00;0.00;0.00;0.00;0.00;0.00;0.00;3000000.00;3000000.00;3000000.00;0.00;0.00;0.00;0.00;0.00;0.00;0.00;0.00;0.00;0.00;85810772.77;85810772.77;0.00;0.00;0.00;0.00;0.00;10767503.72;0.00;10767503.72;0.00;0.00;0.00;0.00;0.00;0.00;398904.57;85880158.69;79977407.70;48608382.48;5819184.86;2334331.31;117362.76;2749585.53;4088004.04;5743163.87;4684445.08;5832947.77;5902750.99;128307.08;82107.08;374745.64;0.00;0.00;5317591.19;0.00;0.00;0.00;0.00;2158.00;47900.02;0.00;0.00;0.00;0.00;0.00;0.00;0.00;542402.57;592460.59;2026-08-01;1
49683264000186;FIDC VERDE I FIAGRO;2026-08-01;2026-09-04;1;N;40434681000110;AZUMI DISTRIBUIDORA DE TÍTULOS E VALORES MOBILIÁRIOS LTDA.;2025-09-22;INVESTIDOR QUALIFICADO;;N;;;0 ANO/ANOS;28/02;BALCAO;;atendimento@azumidtvm.com.br;(11) 2626-9780;https://azumidtvm.com.br/;ASSET WEALTH MANAGEMENT LTDA;42221617000187;1;0;0;0;0;0;0;0;1;0;0;8928987.60;7465582.58;81396;91.72;0.0100;0.0300;0.0000;-5.16;-5.16;0.00;0.0000;352415.06;352415.06;0.00;7894568.09;130000.00;0.00;3738517.00;3738517.00;0.00;0.00;0.00;0.00;3738517.00;0.00;0.00;0.00;0.00;0.00;0.00;0.00;0.00;0.00;0.00;0.00;0.00;0.00;0.00;0.00;0.00;0.00;0.00;0.00;0.00;0.00;0.00;0.00;0.00;0.00;4026051.09;4026051.09;0.00;0.00;0.00;0.00;0.00;0.00;0.00;0.00;0.00;0.00;0.00;0.00;0.00;0.00;682004.45;4394775.57;2108925.25;598633.18;0.00;1510292.07;0.00;0.00;0.00;0.00;0.00;0.00;2285850.32;420750.95;70207.44;0.00;0.00;1426167.45;368724.48;0.00;0.00;0.00;0.00;1106.81;2503.30;0.00;0.00;0.00;0.00;0.00;0.00;0.00;1459794.91;1463405.02;2026-08-01;1
52670402000105;ASSET BANK AGRONEGÓCIOS FIAGRO DIREITOS CREDITÓRIOS RL;2026-08-01;2026-09-01;1;N;40434681000110;AZUMI DISTRIBUIDORA DE TÍTULOS E VALORES MOBILIÁRIOS LTDA.;2023-12-01;INVESTIDORES EM GERAL;;N;;;0 ANO/ANOS;31/12;BALCAO NAO ORGANIZADO;;atendimento@azumidtvm.com.br;(11) 2626-9780;https://azumidtvm.com.br/;ASSET BANK - ASSET MANAGEMENT LTDA;42221617000187;2;0;0;0;0;0;0;0;1;1;0;21539987.79;20838913.06;147885;800.05;0.0100;0.0500;0.0000;2.62;0.84;1.78;0.0000;33787.81;33787.81;0.00;21329380.04;1471764.04;0.00;1901798.60;0.00;0.00;0.00;0.00;0.00;0.00;0.00;0.00;0.00;0.00;0.00;0.00;0.00;0.00;0.00;0.00;0.00;0.00;1901798.60;1901798.60;1901798.60;0.00;0.00;0.00;0.00;0.00;0.00;0.00;0.00;0.00;0.00;9374900.68;9374900.68;0.00;0.00;0.00;0.00;0.00;8580916.72;0.00;8580916.72;0.00;0.00;0.00;0.00;0.00;0.00;176819.94;9523775.08;8764837.53;7173632.14;55605.43;54071.42;52537.93;100117.26;773540.04;319585.43;235747.88;0.00;758937.55;57333.24;57333.24;0.00;0.00;495396.67;0.00;148874.40;0.00;0.00;0.00;958.82;4400.60;0.00;0.00;0.00;0.00;0.00;0.00;0.00;695715.31;701074.73;2026-08-01;1
59809018000181;FIDC BRANCA LION BANK;2026-08-01;2026-09-01;1;N;40434681000110;AZUMI DISTRIBUIDORA DE TÍTULOS E VALORES MOBILIÁRIOS LTDA.;2025-11-26;INVESTIDOR QUALIFICADO;;N;;;0 ANO/ANOS;30/06;BALCAO NAO ORGANIZADO;;atendimento@azumidtvm.com.br;(11) 2626-9780;https://azumidtvm.com.br/;ASSET WEALTH MANAGEMENT LTDA;42221617000187;17;5;1;0;0;0;0;0;11;0;0;19116065.25;18967936.29;14866;14395.13;0.0600;0.3500;0.2300;2.91;2.91;0.00;0.0000;655090.77;655090.77;0.00;18260874.31;0.00;0.00;0.00;0.00;0.00;0.00;0.00;0.00;0.00;0.00;0.00;0.00;0.00;0.00;0.00;0.00;0.00;0.00;0.00;0.00;0.00;0.00;0.00;0.00;0.00;0.00;0.00;0.00;0.00;0.00;0.00;0.00;0.00;0.00;13474038.65;13474038.65;0.00;0.00;0.00;0.00;0.00;4786835.66;0.00;4786835.66;0.00;0.00;0.00;0.00;0.00;0.00;200100.17;13474038.65;12528299.45;6529975.89;4987664.53;1010659.03;0.00;0.00;0.00;0.00;0.00;0.00;945739.20;945739.20;0.00;0.00;0.00;0.00;0.00;0.00;0.00;0.00;0.00;4427.23;27040.47;0.00;0.00;0.00;0.00;0.00;0.00;0.00;116661.26;148128.96;2026-08-01;1
61349077000166;2J&M AGRO FIDC - FIAGRO;2026-08-01;2026-09-01;1;S;40434681000110;AZUMI DISTRIBUIDORA DE TÍTULOS E VALORES MOBILIÁRIOS LTDA.;2025-10-08;INVESTIDOR QUALIFICADO;;N;;;0 ANO/ANOS;31/08;BALCAO NAO ORGANIZADO;;atendimento@azumidtvm.com.br;(11) 2626-9780;https://azumidtvm.com.br/;ASSET WEALTH MANAGEMENT LTDA;42221617000187;1;0;0;0;0;0;0;0;1;0;0;7027416.36;6976148.24;10352;673.89;0.0600;0.3600;0.0000;1.37;1.37;0.00;0.0000;50113.97;50113.97;0.00;6926597.42;0.00;0.00;0.00;0.00;0.00;0.00;0.00;0.00;0.00;0.00;0.00;0.00;0.00;0.00;0.00;0.00;0.00;0.00;0.00;0.00;0.00;0.00;0.00;0.00;0.00;0.00;0.00;0.00;0.00;0.00;0.00;0.00;0.00;0.00;6926597.42;6926597.42;0.00;0.00;0.00;0.00;0.00;0.00;0.00;0.00;0.00;0.00;0.00;0.00;0.00;0.00;50704.97;6926597.42;6926597.42;742111.72;0.00;0.00;6184485.70;0.00;0.00;0.00;0.00;0.00;0.00;0.00;0.00;0.00;0.00;0.00;0.00;0.00;0.00;0.00;0.00;4427.23;25630.65;0.00;0.00;0.00;0.00;0.00;0.00;0.00;21210.24;51268.12;2026-08-01;1
61885936000131;SANCTU FIAGRO RESPONSABILIDADE LIMITADA;2026-08-01;2026-09-04;1;N;48967968000118;VERT DISTRIBUIDORA DE TÍTULOS E VALORES MOBILIÁRIOS LTDA.;2025-09-16;INVESTIDOR PROFISSIONAL;;N;;;0 ANO/ANOS;31/03;BALCAO;B3;contato@vert-capital.com;(11) 3385-1800;https://www.vert-capital.com/institucional/vert-dtvm;VERT GESTORA DE RECURSOS FINANCEIROS LTDA.;31636333000135;0;0;0;0;0;0;0;0;0;0;0;0.00;0.00;0;0.00;0.0000;0.0000;0.0000;0.00;0.00;0.00;0.0000;0.00;0.00;0.00;0.00;0.00;0.00;0.00;0.00;0.00;0.00;0.00;0.00;0.00;0.00;0.00;0.00;0.00;0.00;0.00;0.00;0.00;0.00;0.00;0.00;0.00;0.00;0.00;0.00;0.00;0.00;0.00;0.00;0.00;0.00;0.00;0.00;0.00;0.00;0.00;0.00;0.00;0.00;0.00;0.00;0.00;0.00;0.00;0.00;0.00;0.00;0.00;0.00;0.00;0.00;0.00;0.00;0.00;0.00;0.00;0.00;0.00;0.00;0.00;0.00;0.00;0.00;0.00;0.00;0.00;0.00;0.00;0.00;0.00;0.00;0.00;0.00;0.00;0.00;0.00;0.00;0.00;0.00;0.00;0.00;0.00;0.00;0.00;0.00;2026-08-01;1
62028859000166;FIP GRANFARM;2026-08-01;2026-09-01;1;S;40434681000110;AZUMI DISTRIBUIDORA DE TÍTULOS E VALORES MOBILIÁRIOS LTDA.;2025-09-19;INVESTIDOR PROFISSIONAL;;N;;;0 ANO/ANOS;30/09;BALCAO;B3;atendimento@azumidtvm.com.br;(11) 2626-9780;https://azumidtvm.com.br/;ASSET WEALTH MANAGEMENT LTDA;42221617000187;1;0;0;0;0;0;0;0;1;0;0;1000565.94;998765.94;1196;835.09;0.0900;0.0900;0.0000;-0.45;-0.45;0.00;0.0000;33.41;33.41;0.00;1000000.00;0.00;1000000.00;0.00;0.00;0.00;0.00;0.00;0.00;0.00;0.00;0.00;0.00;0.00;0.00;0.00;0.00;0.00;0.00;0.00;0.00;0.00;0.00;0.00;0.00;0.00;0.00;0.00;0.00;0.00;0.00;0.00;0.00;0.00;0.00;0.00;0.00;0.00;0.00;0.00;0.00;0.00;0.00;0.00;0.00;0.00;0.00;0.00;0.00;0.00;0.00;532.53;0.00;0.00;0.00;0.00;0.00;0.00;0.00;0.00;0.00;0.00;0.00;0.00;0.00;0.00;0.00;0.00;0.00;0.00;0.00;0.00;0.00;0.00;900.00;900.00;0.00;0.00;0.00;0.00;0.00;0.00;0.00;0.00;1800.00;2026-08-01;1
62333770000103;FIDC GRANFARM;2026-08-01;2026-09-01;1;S;40434681000110;AZUMI DISTRIBUIDORA DE TÍTULOS E VALORES MOBILIÁRIOS LTDA.;2025-09-26;INVESTIDOR QUALIFICADO;;N;;;0 ANO/ANOS;31/08;BALCAO NAO ORGANIZADO;;atendimento@azumidtvm.com.br;(11) 2626-9780;https://azumidtvm.com.br/;ASSET WEALTH MANAGEMENT LTDA;42221617000187;10;0;0;0;0;0;0;0;10;0;0;12253486.52;12213847.45;11112;14075.85;0.0400;0.0400;0.5900;-0.76;-0.76;0.00;0.0000;80188.83;80188.83;0.00;12111495.46;0.00;0.00;0.00;0.00;0.00;0.00;0.00;0.00;0.00;0.00;0.00;0.00;0.00;0.00;0.00;0.00;0.00;0.00;0.00;0.00;0.00;0.00;0.00;0.00;0.00;0.00;0.00;0.00;0.00;0.00;0.00;0.00;0.00;0.00;11496376.09;11496376.09;0.00;0.00;0.00;0.00;0.00;615119.37;0.00;615119.37;0.00;0.00;0.00;0.00;0.00;0.00;61802.23;11496376.09;10456376.09;3142704.86;3123962.22;1979094.67;2210614.34;0.00;0.00;0.00;0.00;0.00;1040000.00;1040000.00;0.00;0.00;0.00;0.00;0.00;0.00;0.00;0.00;0.00;900.00;900.00;12727.90;0.00;0.00;0.00;0.00;0.00;0.00;25111.17;39639.07;2026-08-01;1
62969899000102;FII GRANFARM;2026-08-01;2026-09-01;1;N;40434681000110;AZUMI DISTRIBUIDORA DE TÍTULOS E VALORES MOBILIÁRIOS LTDA.;2025-09-30;INVESTIDOR PROFISSIONAL;;N;;;0 ANO/ANOS;30/05;BALCAO;B3;atendimento@azumidtvm.com.br;(11) 2626-9780;https://azumidtvm.com.br/;ASSET WEALTH MANAGEMENT LTDA;42221617000187;1;0;0;0;0;0;0;0;1;0;0;3520208.07;56494.43;63052221;0.00;0.0000;0.0000;0.0000;-54.51;-54.51;0.00;0.0000;15714.31;15714.31;0.00;3500000.00;3500000.00;0.00;0.00;0.00;0.00;0.00;0.00;0.00;0.00;0.00;0.00;0.00;0.00;0.00;0.00;0.00;0.00;0.00;0.00;0.00;0.00;0.00;0.00;0.00;0.00;0.00;0.00;0.00;0.00;0.00;0.00;0.00;0.00;0.00;0.00;0.00;0.00;0.00;0.00;0.00;0.00;0.00;0.00;0.00;0.00;0.00;0.00;0.00;0.00;0.00;4493.76;0.00;0.00;0.00;0.00;0.00;0.00;0.00;0.00;0.00;0.00;0.00;0.00;0.00;0.00;0.00;0.00;0.00;0.00;0.00;0.00;0.00;0.00;0.00;0.00;0.00;0.00;3463713.64;0.00;0.00;0.00;0.00;0.00;3463713.64;2026-08-01;1
