CNPJ_Fundo_Classe;Data_Referencia;Versao;Data_Informacao_Numero_Cotistas;Total_Numero_Cotistas;Numero_Cotistas_Pessoa_Fisica;Numero_Cotistas_Pessoa_Juridica_Nao_Financeira;Numero_Cotistas_Banco_Comercial;Numero_Cotistas_Corretora_Distribuidora;Numero_Cotistas_Outras_Pessoas_Juridicas_Financeira;Numero_Cotistas_Investidores_Nao_Residentes;Numero_Cotistas_Entidade_Aberta_Previdencia_Complementar;Numero_Cotistas_Entidade_Fechada_Previdência_Complementar;Numero_Cotistas_Regime_Proprio_Previdencia_Servidores_Publicos;Numero_Cotistas_Sociedade_Seguradora_Resseguradora;Numero_Cotistas_Sociedade_Capitalizacao_Arrendamento_Mercantil;Numero_Cotistas_FII;Numero_Cotistas_Outros_Fundos;Numero_Cotistas_Distribuidores_Fundo;Numero_Cotistas_Outros_Tipos;Valor_Ativo;Patrimonio_Liquido;Cotas_Emitidas;Valor_Patrimonial_Cotas;Percentual_Despesas_Taxa_Administracao;Percentual_Despesas_Agente_Custodiante;Percentual_Rentabilidade_Efetiva_Mes;Percentual_Rentabilidade_Patrimonial_Mes;Percentual_Dividend_Yield_Mes;Percentual_Amortizacao_Cotas_Mes
00.332.266/0001-31;2026-01-01;2;2026-01-30;3639;;;;;;;;;;;;;;;;259735756.51;258202136.67;2800149;92.2101419138767;0.000219;2.5E-05;0.005242;0.0009;0.004342;0
00.332.266/0001-31;2026-02-01;2;2026-02-27;3578;;;;;;;;;;;;;;;;259842086.01;258340696.87;2800149;92.2596250663804;0.000219;2.1E-05;0.004874;0.000536;0.004338;0
00.332.266/0001-31;2026-03-01;1;2026-03-31;3521;3502;6;;;;1;;1;;;;9;2;;;259967438.87;258449748.92;2800149;92.2985701546596;0.000219;2.6E-05;0.004758;0.000422;0.004336;0
00.332.266/0001-31;2026-04-01;1;2026-04-30;3452;;;;;;;;;;;;;;;;260764911.03;259235368.16;2800149;92.5791335246803;0.000219;2.4E-05;0.007373;0.003039;0.004334;0
00.332.266/0001-31;2026-05-01;1;2026-05-31;3416;;;;;;;;;;;;;;;;259990678.17;258455348.57;2800149;92.3005699232434;0.000219;2.4E-05;0.001312;-0.003009;0.004321;0
00.332.266/0001-31;2026-06-01;1;2026-06-30;3377;3359;5;0;0;0;1;0;1;0;0;0;9;2;0;0;259944012.46;258394578.5;2800149;92.2788674816947;0.000219;2.5E-05;0.004099;-0.000235;0.004334;0
00.332.266/0001-31;2026-07-01;1;2026-07-31;3332;;;;;;;;;;;;;;;;259744270.56;258037314.58;2800149;92.1512800140278;0.000226;2.7E-05;0.003494;-0.001383;0.004877;0
00.613.094/0001-74;2026-01-01;1;2026-01-30;501;483;;;;;1;;14;;1;;;;;2;197038435.85;-25221266.07;758400;-33.2558888053797;0;0;0.00686;0.007754;-0.000894;0
00.613.094/0001-74;2026-02-01;1;2026-02-27;518;501;;;;;1;;13;;1;;;;;2;197038521.32;-26009318.4;758400;-34.2949873417721;0;0;0.038348;0.039242;-0.000894;0
00.613.094/0001-74;2026-03-01;1;2026-03-31;518;501;;;;;1;;13;;1;;;;;2;197038521.32;-26124980.12;758400;-34.4474948839662;0;0;-0.000857;0;-0.000857;0
00.613.094/0001-74;2026-04-01;1;2026-04-30;518;501;;;;;1;;13;;1;;;;;2;197038521.32;-26238069.7;758400;-34.5966108913502;0;0;-0.000853;0;-0.000853;0
00.613.094/0001-74;2026-05-01;1;2026-05-29;518;501;;;;;1;;13;;1;;;;;2;197038521.32;-26327409.6;758400;-34.7144113924051;0;0;0.051058;0.051952;-0.000894;0
00.613.094/0001-74;2026-06-01;1;2026-06-30;518;501;;;;;1;;13;;1;;;;;2;197038521.32;-26327409.6;758400;-34.7144113924051;0;0;0.051058;0.051952;-0.000894;0
00.613.094/0001-74;2026-07-01;1;2026-07-31;586;570;;;;;1;;12;;1;;;;;2;197038521.32;-27306336.01;758400;-36.0051898866034;0;0;0.007954;0.008781;-0.000827;0
00.762.723/0001-28;2026-01-01;1;2026-01-31;2190;;;;;;;;;;;;;;;;97186175.96;95576330.86;5384912;17.748912305345;0.000547;0;-0.002875;-0.002875;0;0
00.762.723/0001-28;2026-02-01;1;2026-02-28;2203;;;;;;;;;;;;;;;;97136003.75;95548736.91;5384912;17.7437879969069;0.000547;0;-0.000289;-0.000289;0;0
00.762.723/0001-28;2026-03-01;1;2026-03-31;2202;2198;1;;;;;;3;;;;;;;;96476929.11;94919473.39;5384912;17.6269312089037;0.000551;0;-0.006586;-0.006586;0;0
00.762.723/0001-28;2026-04-01;1;2026-04-30;2198;;;;;;;;;;;;;;;;95680000.41;94137745.8;5384912;17.481761224696;0.000555;0;-0.008236;-0.008236;0;0
00.762.723/0001-28;2026-05-01;2;2026-05-31;2178;;;;;;;;;;;;;;;;96146201.51;94619368.35;5661158;16.7137833549249;0.000552;0;-0.04393;-0.04393;0;0
00.762.723/0001-28;2026-06-01;1;2026-06-30;2178;2173;1;;;;1;;3;;;;;;;;96933437.39;95422057.79;5937402;16.0713486791024;0.000548;0;-0.038437;-0.038437;0;0
00.762.723/0001-28;2026-07-01;1;2026-07-31;2209;;;;;;;;;;;;;;;;98017253.07;96509765.35;6213646;15.5319059614919;0.000542;0;-0.033565;-0.033565;0;0
00.868.235/0001-08;2026-01-01;1;2026-01-31;5;;;;;;;;;;;;;;;;124256363.3;121564012.8;54316;2238.08846012225;0.00052;0;0.006411;-0.000622;0.007033;0
00.868.235/0001-08;2026-02-01;1;2026-02-28;5;;;;;;;;;;;;;;;;124253650.18;121632034.36;54316;2239.34079019074;0.00052;0;0.007454;0.00056;0.006894;0
00.868.235/0001-08;2026-03-01;1;2026-03-31;5;2;;;;;;;1;;;;1;1;;;124174741.94;121730892.35;54316;2241.16084302968;0.00052;0;0.006283;0.000813;0.00547;0
00.868.235/0001-08;2026-04-01;1;2026-04-30;5;;;;;;;;;;;;;;;;124368626.83;121650477.29;54316;2239.68033894248;0.00052;0;0.007081;-0.000661;0.007742;0
00.868.235/0001-08;2026-05-01;1;2026-05-31;5;;;;;;;;;;;;;;;;124239144.9;121744304.67;54316;2241.40777432064;0.000523;0;0.006709;0.000771;0.005938;0
00.868.235/0001-08;2026-06-01;1;2026-06-30;5;2;;;;;;;1;;;;1;1;;;124266948.43;121747786.48;54316;2241.47187716327;0.000523;0;0.006119;2.9E-05;0.00609;0
00.868.235/0001-08;2026-07-01;1;2026-07-31;5;;;;;;;;;;;;;;;;124518809.47;122205482.55;54316;2249.89841943442;0.000593;0;0.006436;0.003759;0.002677;0
01.201.140/0001-90;2026-01-01;1;2026-01-31;14013;;;;;;;;;;;;;;;;526381288.38;521918936.68;4709082;110.832416313838;0.000198;0;0.006195;0.000328;0.005867;0
01.201.140/0001-90;2026-02-01;1;2026-02-28;13885;;;;;;;;;;;;;;;;525600309.44;521834741.69;4709082;110.814537035031;0.000198;0;0.005704;-0.000161;0.005865;0
01.201.140/0001-90;2026-03-01;1;2026-03-31;13739;13719;11;1;;;2;2;;;;;2;2;;;524902981.55;521097520.28;4709082;110.657983929777;0.000198;0;0.004453;-0.001413;0.005866;0
01.201.140/0001-90;2026-04-01;1;2026-04-30;13579;;;;;;;;;;;;;;;;524747441.76;521435107.88;4709082;110.72967255189;0.000198;0;0.005618;0.000648;0.00497;0
01.201.140/0001-90;2026-05-01;1;2026-05-31;13433;;;;;;;;;;;;;;;;525183490.03;521976248.89;4709082;110.844586883388;0.000198;0;0.006005;0.001038;0.004967;0
01.201.140/0001-90;2026-06-01;1;2026-06-30;13294;13272;12;1;;;3;2;;;;;2;2;;;524870857.94;521549965.73;4709082;110.754063261162;0.000198;0;0.004145;-0.000817;0.004962;0
01.201.140/0001-90;2026-07-01;1;2026-07-31;13150;;;;;;;;;;;;;;;;524658406.9;521436008.46;4709082;110.729863795109;0.000198;0;0.004748;-0.000218;0.004966;0
01.235.622/0001-61;2026-01-01;2;2026-01-31;124;;;;;;;;;;;;;;;;4802184591.45;3826159313.37;1324930.00003248;2887.81997032009;0.000530935887301239;;0.016846;0.005505;0.011341;
01.235.622/0001-61;2026-02-01;2;2026-02-28;124;;;;;;;;;;;;;;;;4812098108.22;3883679875.19;1338781.00002939;2900.90752341476;0.000450887137013148;;0.004532;0.004532;0;
01.235.622/0001-61;2026-03-01;2;2026-03-31;124;62;13;;;;;;;;;;;37;12;;4847247693.29;3902408380.42;1338781;2914.89674593529;0.00055656117153127;;0.010149;0.010149;0;
01.235.622/0001-61;2026-04-01;2;2026-04-30;124;;;;;;;;;;;;;;;;4895392680.4;3927592090.3;1338781;2933.70767160574;0.000505188811460419;;0.006553;0.006453;0.0001;
01.235.622/0001-61;2026-05-01;2;2026-05-31;124;;;;;;;;;;;;;;;;5073368166.2;3982023511.94;1349019;2951.79201474553;0.000867847017888746;;0.006164;0.006164;0;
01.235.622/0001-61;2026-06-01;2;2026-06-30;124;62;13;;;;;;;;;;;37;12;;5110735001.23;3960461655.22;1349019;2935.80865445186;0.000972434462261209;;0.010655;-0.005415;0.01607;
01.235.622/0001-61;2026-07-01;2;2026-07-31;124;;;;;;;;;;;;;;;;5042741478.17;4004146606.96;1354138.00003178;2956.97086033036;0.00104767896927354;;0.050167;0.007208;0.042959;
01.356.517/0001-80;2026-01-01;1;2025-12-31;5;5;0;0;0;0;0;0;0;0;0;0;0;0;0;0;467542476.9;172777943.7;56701;3047.17630553253;0.0004;0;0.046488;0.046488;0;0
01.356.517/0001-80;2026-02-01;1;2025-12-31;5;5;0;0;0;0;0;0;0;0;0;0;0;0;0;0;470766417.98;176056888.08;56701;3105.00499250454;0.0004;0;0.018978;0.018978;0;0
01.356.517/0001-80;2026-03-01;1;2026-03-31;5;5;0;0;0;0;0;0;0;0;0;0;0;0;0;0;482105561.65;187298988.54;56701;3303.27487240084;0.0004;0;0.063855;0.063855;0;0
01.356.517/0001-80;2026-04-01;1;2026-04-30;5;5;0;0;0;0;0;0;0;0;0;0;0;0;0;0;494269183.68;196175979.05;56701;3459.83279042698;0.0004;0;0.047395;0.047395;0;0
01.356.517/0001-80;2026-05-01;1;2026-05-31;5;5;0;0;0;0;0;0;0;0;0;0;0;0;0;0;499171529.1;204833268.12;56701;3612.51597185235;0.0004;0;0.04413;0.04413;0;0
01.356.517/0001-80;2026-06-01;1;2026-06-30;5;5;0;0;0;0;0;0;0;0;0;0;0;0;0;0;505599759.46;165760880.18;56701;2923.42075413132;0.0004;0;0.043852;0.043852;0;0
01.356.517/0001-80;2026-07-01;1;2026-07-31;5;5;0;0;0;0;0;0;0;0;0;0;0;0;0;0;508086624.82;175114232.67;56701;3088.3799698418;0.0004;0;0.056427;0.056427;0;0
01.497.954/0001-14;2026-01-01;1;2026-01-31;6;;;;;;;;;;;;;;;;164039240.69;163906847.65;8703994;18.8312224996938;0.000136;0;0.002086;0.000179;0.001907;0
01.497.954/0001-14;2026-02-01;1;2026-02-28;5;;;;;;;;;;;;;;;;164050582.24;163948978.32;8703994;18.8360628833154;0.000134;0;0.002011;0.000257;0.001754;0
01.497.954/0001-14;2026-03-01;1;2026-03-31;5;3;2;;;;;;;;;;;;;;163966495.85;163833275.14;8703994;18.8227697698321;0.000131;0;0.00181;-0.000706;0.002516;0
01.497.954/0001-14;2026-04-01;1;2026-04-30;5;;;;;;;;;;;;;;;;164069036.93;163938826.47;8703994;18.8348965394507;0.000132;0;0.002017;0.000644;0.001373;0
01.497.954/0001-14;2026-05-01;1;2026-05-31;5;;;;;;;;;;;;;;;;164032432.73;163890447.1;8703994;18.8293382440291;0.000132;0;0.002145;-0.000295;0.00244;0
01.497.954/0001-14;2026-06-01;1;2026-06-30;5;3;2;;;;;;;;;;;;;;164065124.66;163971806.23;8703994;18.8386855769891;0.000496;0;0.002326;0.000496;0.00183;0
01.497.954/0001-14;2026-07-01;1;2026-07-31;5;;;;;;;;;;;;;;;;163991840.99;163852186.77;8703994;18.8249425229383;0.000136;0;0.002243;-0.00073;0.002973;0
01.601.918/0001-59;2026-01-01;1;2026-01-31;1;;;;;;;;;;;;;;;;58264970.51;58179657.82;500000;116.35931564;0.001094;1E-06;0.008525;0.008525;0;0
01.601.918/0001-59;2026-02-01;1;2026-02-28;1;;;;;;;;;;;;;;;;59114316.38;59029003.69;500000;118.05800738;0.001078;1E-06;0.014599;0.014599;0;0
01.601.918/0001-59;2026-03-01;1;2026-03-31;1;;;1;;;;;;;;;;;;;59553866.67;59488306.98;500000;118.97661396;0.00107;5.9E-05;0.007781;0.007781;0;0
01.601.918/0001-59;2026-04-01;1;2026-04-30;1;;;;;;;;;;;;;;;;59897938.05;59831209.08;500000;119.66241816;0.001064;2E-05;0.005764;0.005764;0;0
01.601.918/0001-59;2026-05-01;1;2026-05-31;1;;;;;;;;;;;;;;;;59857417.1;59791402.69;500000;119.58280538;0.001064;2E-05;-0.000665;-0.000665;0;0
01.601.918/0001-59;2026-06-01;1;2026-06-30;1;;;1;;;;;;;;;;;;;60231171.94;47040157.53;500000;94.08031506;0.001353;2.6E-05;0.006251;-0.213262;0.219513;0
01.601.918/0001-59;2026-07-01;1;2026-07-31;1;;;;;;;;;;;;;;;;60561394.34;47370834.65;500000;94.7416693;0.001344;2.6E-05;0.00703;0.00703;0;0
01.633.741/0001-72;2026-01-01;1;2026-01-30;406;;;;;;;;;;;;;;;;23888553.39;23548189.15;508008;46.3539730673533;0.00091;2.5E-05;0.003194;0.003194;0;0
01.633.741/0001-72;2026-02-01;1;2026-02-27;421;;;;;;;;;;;;;;;;23943388.8;23619685.18;508008;46.4947110675422;0.000907;2.1E-05;0.003036;0.003036;0;0
01.633.741/0001-72;2026-03-01;1;2026-03-31;408;399;1;;;;;;4;;;;1;3;;;24161471.98;23831045.85;508008;46.9107688264752;0.000899;2.6E-05;0.008949;0.008949;0;0
01.633.741/0001-72;2026-04-01;2;2026-04-30;404;;;;;;;;;;;;;;;;24353073.36;24018182.32;508008;47.2791419032771;0.000892;2.4E-05;0.007852;0.007852;0;0
01.633.741/0001-72;2026-05-01;1;2026-05-31;391;;;;;;;;;;;;;;;;24461773.78;24126952.25;508008;47.4932525668887;0.000888;2.4E-05;0.00453;0.00453;0;0
01.633.741/0001-72;2026-06-01;2;2026-06-30;372;364;0;0;0;0;0;0;4;0;0;0;1;3;0;0;24580751.33;24191922.92;508008;47.6211455725107;0.000886;2.5E-05;0.004798;0.002692;0.002106;0
01.633.741/0001-72;2026-07-01;1;2026-07-31;373;;;;;;;;;;;;;;;;23963320.12;22832894.5;508008;44.9459349065369;0.000939;2.9E-05;-0.056176;-0.056176;0;0
01.636.325/0001-28;2026-01-01;1;2026-01-30;4;0;4;0;0;0;0;0;0;0;0;0;0;0;0;0;315536941.88;313468794.57;234900;1334.477627;7E-05;0;0.01532;0.007506;0.007814;0
01.636.325/0001-28;2026-02-01;1;2026-02-27;4;0;4;0;0;0;0;0;0;0;0;0;0;0;0;0;313709166.56;312830039.33;234900;1331.758362;7E-05;0;0.006837;-0.002038;0.008875;0
01.636.325/0001-28;2026-03-01;1;2026-03-31;4;0;4;0;0;0;0;0;0;0;0;0;0;0;0;0;308391202.41;307769109.01;234900;1310.213321;7.2E-05;0;0.003381;0.006297;-0.002916;0
01.636.325/0001-28;2026-04-01;1;2026-04-30;4;0;4;0;0;0;0;0;0;0;0;0;0;0;0;0;309952252.41;309167877.91;234900;1316.168063;7.1E-05;0;0.011404;0.004545;0.006859;0
01.636.325/0001-28;2026-05-01;1;2026-05-29;4;0;4;0;0;0;0;0;0;0;0;0;0;0;0;0;311737355.12;311055226.02;234900;1324.20275;7.1E-05;0;0.011589;0.006105;0.005484;0
01.636.325/0001-28;2026-06-01;1;2026-06-30;4;0;4;0;0;0;0;0;0;0;0;0;0;0;0;0;313212001.7;310275062.01;234900;1320.88149;7.1E-05;0;0.006541;-0.002498;0.009039;0
01.636.325/0001-28;2026-07-01;1;2026-07-31;4;0;4;0;0;0;0;0;0;0;0;0;0;0;0;0;310998157.76;308608026.33;234900;1313.784701;7.1E-05;0;-4.7E-05;-0.005373;0.005326;0
01.657.856/0001-05;2026-01-01;1;2026-01-30;4231;;;;;;;;;;;;;;;;43001356.9;41525145.71;4200000;9.8869394547619;0.00438;0;0.001664;0.001664;0;0
01.657.856/0001-05;2026-02-01;1;2026-02-27;4210;;;;;;;;;;;;;;;;42984373.8;41532762.75;4200000;9.88875303571429;0.00438;0;0.000183;0.000183;0;0
01.657.856/0001-05;2026-03-01;1;2026-03-31;4230;4227;3;;;;;;;;;;;;;;43022929.63;41584648.05;4200000;9.90110667857143;0.000437;0;0.001249;0.001249;0;0
01.657.856/0001-05;2026-04-01;1;2026-04-30;4212;4209;3;;;;;;;;;;;;;;43065480.41;41533691.27;4200000;9.88897411190476;0.000435;0;-0.001225;-0.001225;0;0
01.657.856/0001-05;2026-05-01;1;2026-05-29;4167;4164;3;;;;;;;;;;;;;;43128382.28;41549233.57;4200000;9.89267465952381;0.000435;0;0.000374;0.000374;0;0
01.657.856/0001-05;2026-06-01;1;2026-06-30;4114;4111;3;;;;;;;;;;;;;;43093455.76;41409607.26;4200000;9.8594303;0.000435;0;0.003707;-0.000336;0.004043;0
01.657.856/0001-05;2026-07-01;1;2026-06-30;4240;2237;3;;;;;;;;;;;;;;42976107.21;41463691.42;4200000;9.87230748095238;0.000442;0;0.001306;0.001306;0;0
01.964.775/0001-40;2026-01-01;1;2026-01-31;6;;1;;;;;;5;;;;;;;;1546471.69;1541650.05;12583000;0.122518481284272;0.0006;0.0004;0.0101;0.0101;0;0
01.964.775/0001-40;2026-02-01;1;2026-02-28;6;;1;;;;;;5;;;;;;;;1545419.82;1540684.28;12583000;0.122441729317333;0.0006;0.0004;-0.0006;-0.0006;0;0
01.964.775/0001-40;2026-03-01;1;2026-03-31;6;;1;;;;;;5;;;;;;;;1560094.58;1556181.01;12583000;0.123673290153382;0.0006;0.0004;0.0101;0.0101;0;0
01.964.775/0001-40;2026-04-01;1;2026-04-30;6;;1;;;;;;5;;;;;;;;1567483.94;1563592.71;12583000;0.124262315028213;0.0006;0.0004;0.0048;0.0048;0;0
01.964.775/0001-40;2026-05-01;1;2026-05-31;6;;1;;;;;;5;;;;;;;;1568506.83;1564578.51;12583000;0.124340658825399;0.0006;0.0004;0.0006;0.0006;0;0
01.964.775/0001-40;2026-06-01;1;2026-06-30;6;;1;;;;;;5;;;;;;;;1575815.68;1571919.22;12583000;0.124924041961376;0.0006;0.0004;0.0047;0.0047;0;0
01.964.775/0001-40;2026-07-01;1;2026-07-31;6;;1;;;;;;5;;;;;;;;1585121.44;1581187.76;12583000;0.125660634188985;0.0006;0.0004;0.0059;0.0059;0;0
02.508.235/0001-14;2026-01-01;1;2026-01-31;6;;;;;;;;;;;;;;;;264084270.15;261269029.69;17100;15278.8906251462;0.000265;0;0.004825;-0.009119;0.013944;0
02.508.235/0001-14;2026-02-01;1;2026-02-28;6;;;;;;;;;;;;;;;;263821735.83;262495008.26;17100;15350.5852783626;0.000264;0;0.004866;0.00011;0.004756;0
02.508.235/0001-14;2026-03-01;1;2026-03-31;6;6;;;;;;;;;;;;;;;263850270.2;262506442.63;17100;15351.2539549708;0.000264;0;0.004865;4.4E-05;0.004821;0
02.508.235/0001-14;2026-04-01;1;2026-04-30;6;;;;;;;;;;;;;;;;263860037.88;262498731.6;17100;15350.8030175439;0.000264;0;0.004856;-3E-05;0.004886;0
02.508.235/0001-14;2026-05-01;1;2026-05-31;6;;;;;;;;;;;;;;;;263838951.36;262477645.08;17100;15349.5698877193;0.000264;0;0.004805;-8E-05;0.004885;0
02.508.235/0001-14;2026-06-01;1;2026-06-30;6;6;;;;;;;;;;;;;;;263828684.47;262467378.19;17100;15348.9694847953;0.000264;0;0.004847;-3.9E-05;0.004886;0
02.508.235/0001-14;2026-07-01;1;2026-07-31;6;;;;;;;;;;;;;;;;263884076.92;262424523.13;17100;15346.4633409357;0.000264;0;0.004853;-0.000163;0.005016;0
03.251.720/0001-18;2026-01-01;1;2026-01-30;672;659;6;0;0;0;0;0;1;0;0;0;4;2;0;0;278424143.8;268762408.54;750000;358.349878;0.000331;0;0.011073;0.005525;0.005548;0
03.251.720/0001-18;2026-02-01;1;2026-02-27;672;659;6;0;0;0;0;0;1;0;0;0;4;2;0;0;278429367.02;268747737.19;750000;358.330316;0.000332;0;0.004688;-5.5E-05;0.004743;0
03.251.720/0001-18;2026-03-01;1;2026-03-31;668;656;6;0;0;0;0;0;1;0;0;0;4;1;0;0;278569868;268912168.8;750000;358.549558;0.000322;0;0.005358;0.000612;0.004746;0
03.251.720/0001-18;2026-04-01;3;2026-04-30;657;645;6;0;0;0;0;0;1;0;0;0;4;1;0;0;282336926.4;268875681.41;750000;358.500909;0.000382;0;0;0;0;0
03.251.720/0001-18;2026-05-01;1;2026-05-29;653;642;6;0;0;0;0;0;0;0;0;0;4;1;0;0;279806257.99;268415948.26;750000;357.887931;0.000351;0;0;0;0;0
03.251.720/0001-18;2026-06-01;1;2026-06-30;648;636;6;0;0;0;1;0;0;0;0;0;4;1;0;0;280210351.2;268770591.47;750000;358.360789;0.000354;0;-1E-06;0;-1E-06;0
03.251.720/0001-18;2026-07-01;1;2026-07-31;649;638;6;0;0;0;0;0;0;0;0;0;4;1;0;0;279731928.35;268631047.68;750000;358.17473;0.00035;0;-1E-06;0;-1E-06;0
03.507.519/0001-59;2026-01-01;1;2026-01-31;2063;;;;;;;;;;;;;;;;634598167.29;630214428.54;608950;1034.91982681665;0.00015;0;0.005746;0.000621;0.005125;0
03.507.519/0001-59;2026-02-01;1;2026-02-28;2055;;;;;;;;;;;;;;;;634796187.78;630417413.11;608950;1035.2531621808;0.00015;0;0.005443;0.000322;0.005121;0
03.507.519/0001-59;2026-03-01;1;2026-03-31;2045;2022;18;;;;;;;;;;4;1;;;635291641.18;630918740.98;608950;1036.07642824534;0.00015;0;0.005915;0.000795;0.00512;0
03.507.519/0001-59;2026-04-01;1;2026-04-30;2039;;;;;;;;;;;;;;;;635706096.3;631340468.83;608950;1036.76897746941;0.000146;0;0.005784;0.000669;0.005115;0
03.507.519/0001-59;2026-05-01;1;2026-05-31;2037;;;;;;;;;;;;;;;;636058287.34;631698081.98;608950;1037.35623939568;0.000146;0;0.005678;0.000566;0.005112;0
03.507.519/0001-59;2026-06-01;1;2026-06-30;2031;2007;17;;;;2;;;;;;4;1;;;636747802.07;628312946.72;608950;1031.7972686099;0.000146;0;0.006209;-0.005359;0.011568;0
03.507.519/0001-59;2026-07-01;1;2026-07-31;2033;;;;;;;;;;;;;;;;632719787.84;628839781.49;608950;1032.66242136464;0.000153;0;0.0052;0.000838;0.004362;0
03.683.056/0001-86;2026-01-01;1;2026-01-31;24658;;;;;;;;;;;;;;;;830304966.67;735960800.38;3690695;199.409813159852;0.000415;3E-06;0.005781;0.000413;0.005368;0
03.683.056/0001-86;2026-02-01;1;2026-02-28;24587;;;;;;;;;;;;;;;;829420011.77;735708921.82;3690695;199.341566241589;0.000412;3E-06;0.005024;-0.000342;0.005366;0
03.683.056/0001-86;2026-03-01;1;2026-03-31;24508;24406;54;;1;;2;3;4;2;;;17;19;;;828335113;735572567.22;3690695;199.304620734035;0.000415;3E-06;0.005183;-0.000185;0.005368;0
03.683.056/0001-86;2026-04-01;1;2026-04-30;24445;;;;;;;;;;;;;;;;827264523.08;735512524.59;3690695;199.288352082738;0.000413;3E-06;0.005287;-8.2E-05;0.005369;0
03.683.056/0001-86;2026-05-01;1;2026-05-31;24331;;;;;;;;;;;;;;;;825939472.16;734800247.23;3690695;199.095359337469;0.000413;3E-06;0.004401;-0.000968;0.005369;0
03.683.056/0001-86;2026-06-01;1;2026-06-30;24174;24069;55;;1;;5;3;4;2;;;16;19;;;791398316.24;700038220.36;3690695;189.676529856843;0.000426;3E-06;-0.041883;-0.047308;0.005425;0
03.683.056/0001-86;2026-07-01;1;2026-07-31;24069;;;;;;;;;;;;;;;;797240991.07;705549167.77;3690695;191.16973030012;0.000417;3E-06;0.014726;0.007872;0.006854;0
03.855.441/0001-63;2026-01-01;1;2026-01-31;2;;;;;;;;;;;;;;;;501883168.3;133963863.16;144210661;0.928945628783991;0.00122;9E-06;0.017324;0.017324;0;0
03.855.441/0001-63;2026-02-01;1;2026-02-28;2;;;;;;;;;;;;;;;;506784936.02;135831176.15;144210661;0.941894137424417;0.001357;9E-06;0.013939;0.013939;0;0
03.855.441/0001-63;2026-03-01;1;2026-03-31;2;;2;;;;;;;;;;;;;;513427758.4;137685789.17;144210661;0.954754580661689;0.001339;9E-06;0.013654;0.013654;0;0
03.855.441/0001-63;2026-04-01;1;2026-04-30;2;;;;;;;;;;;;;;;;520611323.2;140172581.55;144210661;0.971998745293873;0.001315;8E-06;0.018061;0.018061;0;0
03.855.441/0001-63;2026-05-01;1;2026-05-31;2;;;;;;;;;;;;;;;;527078339.65;142760104.03;144210661;0.989941402667865;0.001291;8E-06;0.01846;0.01846;0;0
03.855.441/0001-63;2026-06-01;1;2026-06-30;2;;2;;;;;;;;;;;;;;533408407.84;138177977.59;144210661;0.958167562868324;0.001334;9E-06;0.018411;-0.032097;0.050508;0
03.855.441/0001-63;2026-07-01;1;2026-07-31;2;;;;;;;;;;;;;;;;531174369.32;140997375.74;144210661;0.977718115722388;0.001307;8E-06;0.020404;0.020404;0;0
04.066.582/0001-60;2026-01-01;1;2026-01-30;3003;2996;7;0;0;0;0;0;0;0;0;0;0;0;0;0;56417254.15;55242140.65;200000;276.210703;0.00049;0;0;0;0;0
04.066.582/0001-60;2026-02-01;1;2026-02-27;3001;2994;7;0;0;0;0;0;0;0;0;0;0;0;0;0;56801272.83;56226717.2;200000;281.133586;0.000409;0;0;0;0;0
04.066.582/0001-60;2026-03-01;1;2026-03-31;2995;2987;8;0;0;0;0;0;0;0;0;0;0;0;0;0;57847817.47;57268020.46;200000;286.340102;0.000417;0;0;0;0;0
04.066.582/0001-60;2026-04-01;1;2026-04-30;2992;2985;7;0;0;0;0;0;0;0;0;0;0;0;0;0;57896286.94;57314552.15;200000;286.572761;0.000176;0;0;0;0;0
04.066.582/0001-60;2026-05-01;1;2026-05-29;3009;3001;8;0;0;0;0;0;0;0;0;0;0;0;0;0;57961093.08;57356168.83;200000;286.780844;0.000423;0;-5E-06;0;-5E-06;0
04.066.582/0001-60;2026-06-01;1;2026-06-30;2999;2991;8;0;0;0;0;0;0;0;0;0;0;0;0;0;57775773.17;57163712.45;200000;285.818562;0.000428;0;0;0;0;0
04.066.582/0001-60;2026-07-01;1;2026-07-31;3015;3006;9;0;0;0;0;0;0;0;0;0;0;0;0;0;66229155.14;65911171.51;200000;329.555858;0.000379;0;-5E-06;0;-5E-06;0
04.141.645/0001-03;2026-01-01;1;2026-01-31;11230;;;;;;;;;;;;;;;;350352094.15;345467420.77;1380670;250.21722842533;0.00013;0;0.003781;-0.000334;0.004115;0
04.141.645/0001-03;2026-02-01;1;2026-02-27;11230;;;;;;;;;;;;;;;;350440468.72;345711893.79;1380670;250.39429681966;9.6E-05;0;0.004385;0.000708;0.003677;0
04.141.645/0001-03;2026-03-01;1;2026-03-31;11038;11018;16;;;;;;1;;;;1;2;;;350995271.52;346091281.91;1380670;250.669082336836;0.000157;0;0.00561;0.001097;0.004513;0
04.141.645/0001-03;2026-04-01;1;2026-04-30;10934;;;;;;;;;;;;;;;;351184446.34;345840474.07;1380670;250.487425720846;0.000119;0;0.00502;-0.000725;0.005745;0
04.141.645/0001-03;2026-05-01;1;2026-05-31;10833;;;;;;;;;;;;;;;;350975311;346156033.36;1380670;250.71598090782;0.000105;0;0.005463;0.000912;0.004551;0
04.141.645/0001-03;2026-06-01;1;2026-06-30;10723;10702;16;;;;1;;1;;;;1;2;;;351102134.95;345860261.02;1380670;250.501757132407;0.000115;0;0.00465;-0.000854;0.005504;0
04.141.645/0001-03;2026-07-01;1;2026-07-31;10634;;;;;;;;;;;;;;;;350845626.12;345893884.73;1380670;250.526110316006;0.000104;0;0.004688;9.7E-05;0.004591;0
04.644.612/0001-78;2026-01-01;1;2026-01-30;2;;;;;;;;2;;;;;;;;28198149.78;28167918.61;2044676.01522874;13.7762258666925;0.000631023550092542;0.000357580201059804;-0.001092;-0.001092;0;0
04.644.612/0001-78;2026-02-01;1;2026-02-27;2;;;;;;;;2;;;;;;;;28667633.16;28637388.83;2081002.66324455;13.7613417492463;0.00062067879531599;0.000351718170249113;-0.00108;-0.00108;0;0
04.644.612/0001-78;2026-03-01;1;2026-03-31;2;;;;;;;;2;;;;;;;;28642017.79;28611747.82;2081002.66324455;13.7490202801522;0.0006212350294649;0.000352033369767062;-0.000895;-0.000895;0;0
04.644.612/0001-78;2026-04-01;1;2026-04-30;2;;;;;;;;2;;;;;;;;28615225.41;28584966.98;2081002.66324455;13.7361510798993;0.000621817055532593;0.000352363184713393;-0.000936;-0.000936;0;0
04.644.612/0001-78;2026-05-01;1;2026-05-29;2;;;;;;;;2;;;;;;;;28578786.49;28556973.64;2081002.66324455;13.7226992278213;0.000622426599683621;0.000352708593248538;-0.000979;-0.000979;0;0
04.644.612/0001-78;2026-06-01;1;2026-06-30;2;;;;;;;;2;;;;;;;;28551479.97;28527916.54;2081002.66324455;13.7087361990788;0.000635211126427391;0.000359953030064494;-0.001018;-0.001018;0;0
04.644.612/0001-78;2026-07-01;1;2026-07-31;2;;;;;;;;2;;;;;;;;28523989.42;28499071.57;2081002.66324455;13.6948751067749;0.000635854047227125;0.000360317351910141;-0.001011;-0.001011;0;0
04.722.883/0001-02;2026-01-01;1;2026-01-30;509;488;10;0;0;0;0;0;3;0;0;0;4;4;0;0;675426310.38;646759778.1;3935562;164.337337;0.000141;0;0.00741;0.004806;0.002604;0
04.722.883/0001-02;2026-02-01;1;2026-02-27;507;486;10;0;0;0;0;0;3;0;0;0;4;4;0;0;667630276.87;650039448.58;3935562;165.170679;0.000142;0;-0.007092;0.005071;-0.012163;0
04.722.883/0001-02;2026-03-01;1;2026-03-31;500;479;10;0;0;0;0;0;3;0;0;0;4;4;0;0;669668247.07;652098161.86;3935562;165.693784;0.000141;0;0.006611;0.003167;0.003444;0
04.722.883/0001-02;2026-04-01;2;2026-04-30;501;480;10;0;0;0;0;0;3;0;0;0;4;4;0;0;666124695.69;654545229.2;3935562;166.315568;0.000142;0;-0.000856;0.003753;-0.004609;0
04.722.883/0001-02;2026-05-01;1;2026-05-29;499;478;10;0;0;0;0;0;3;0;0;0;4;4;0;0;657739787.53;651287503.47;3935562;165.487802;0.000145;0;0.000592;-0.004977;0.005569;0
04.722.883/0001-02;2026-06-01;1;2026-06-30;497;476;10;0;0;0;0;0;3;0;0;0;4;4;0;0;661482515.51;653965406.43;3935562;166.168239;0.000144;0;0.008236;0.004112;0.004124;0
04.722.883/0001-02;2026-07-01;1;2026-07-31;491;470;10;0;0;0;0;0;3;0;0;0;4;4;0;0;662320247.24;657832229.02;3935562;167.150773;0.000144;0;-0.00049;0.005913;-0.006403;0
05.437.916/0001-27;2026-01-01;1;2026-01-30;1995;1987;8;;;;;;;;;;;;;;156783117.83;152651217.53;383936;397.595478230747;0.000412;0;0.00121;0.00121;0;0
05.437.916/0001-27;2026-02-01;1;2026-02-27;1976;1967;9;;;;;;;;;;;;;;159867439.49;152737640.13;383936;397.820574600975;0.000412;0;0.006854;0.000566;0.006288;0
05.437.916/0001-27;2026-03-01;1;2026-03-31;1964;1955;9;;;;;;;;;;;;;;165630409.28;161358967.16;409883;393.670796690763;0.00039;0;-0.004272;-0.010431;0.006159;0
05.437.916/0001-27;2026-04-01;1;2026-04-30;1960;1950;9;;;;1;;;;;;;;;;166043345.96;161458336.98;409883;393.913231287953;0.00039;0;0.006839;0.000616;0.006223;0
05.437.916/0001-27;2026-05-01;1;2026-05-29;1943;1931;11;;;;1;;;;;;;;;;165975153.94;161540825.25;409883;394.114479619794;0.000389;0;0.006731;0.000511;0.00622;0
05.437.916/0001-27;2026-06-01;1;2026-06-30;1924;1913;11;;;;;;;;;;;;;;165950488.17;161639694.26;409883;394.355692380509;0.000397;0;0.006828;0.000612;0.006216;0
05.437.916/0001-27;2026-07-01;1;2026-07-31;1916;1904;11;;;;1;;;;;;;;;;165870598.92;161895063.69;409883;394.978722440306;0.000396;0;0.006398;0.00158;0.004818;0
05.562.312/0001-02;2026-01-01;1;2026-01-30;2016;2008;;;;;;;;;;;;8;;;172078868.45;121592275.44;122538;992.282193605249;0;0;0.00037;0.00037;0;0
05.562.312/0001-02;2026-02-01;1;2026-02-28;1982;1974;;;;;;;;;;;;8;;;171053248.87;120617607.69;122538;984.328189541204;0;0;9.1E-05;9.1E-05;0;0
05.562.312/0001-02;2026-03-01;1;2026-03-31;1951;1943;;;;;;;;;;;;8;;;171205371.33;120810136.28;122538;985.899364115621;0;0;0.0016;0.0016;0;0
05.562.312/0001-02;2026-04-01;1;2026-04-30;1951;1943;;;;;;;;;;;;8;;;170837303.98;120841797.25;122538;986.157740864058;0;0;0.0002;0.0002;0;0
05.562.312/0001-02;2026-05-01;1;2026-05-30;1907;1859;40;;;;;;;;;;;8;;;119920461.26;119182038.58;122538;972.612892164063;0;0;-0.0137;-0.0137;0;0
05.562.312/0001-02;2026-06-01;1;2026-06-30;1893;1844;40;;;;1;;;;;;;8;;;119862162.63;119121421.41;122538;972.118211575185;0;0;-0.000509;-0.000509;0;0
05.562.312/0001-02;2026-07-01;1;2026-07-31;1881;1833;41;;;;;;;;;;;7;;;119690545.94;118966996.75;122538;970.857993030733;0.0003;0.0001;-0.001296;-0.001296;0;0
06.175.262/0001-73;2026-01-01;1;2026-01-30;458;;;;;;;;;;;;;;;;50945870.11;50618020.79;236000;214.483138940678;0.00025;3E-05;0.005431;0.001239;0.004192;0
06.175.262/0001-73;2026-02-01;1;2026-02-27;;;;;;;;;;;;;;;;;57354989.53;57025096.56;298500;191.038849447236;0.000194;2.6E-05;-0.105865;-0.109306;0.003441;0
06.175.262/0001-73;2026-03-01;1;2026-03-31;461;457;1;;;;1;;;;;;1;;1;;57372938.9;57041266.46;298500;191.093019966499;0.000262;2.6E-05;0.004062;0.000284;0.003778;0
06.175.262/0001-73;2026-04-01;1;2026-04-30;457;;;;;;;;;;;;;;;;57424486.04;57098073.08;298500;191.283326901173;0.000238;2.6E-05;0.004982;0.000996;0.003986;0
06.175.262/0001-73;2026-05-01;1;2026-05-29;448;;;;;;;;;;;;;;;;57231698.72;56899819.3;298500;190.619160134003;0.000239;2.6E-05;0.000621;-0.003472;0.004093;0
06.175.262/0001-73;2026-06-01;1;2026-06-30;443;440;1;;;;;;;;;;1;;1;;57253137.92;56895974.5;298500;190.606279731993;0.00025;2.6E-05;0.004286;-6.8E-05;0.004354;0
06.175.262/0001-73;2026-07-01;1;2026-07-31;442;;;;;;;;;;;;;;;;57167555.4;56811116.92;298500;190.321999731993;0;0;0.003003;-0.001491;0.004494;0
07.000.400/0001-46;2026-01-01;1;2026-01-30;5522;5390;122;1;0;0;1;0;0;4;0;0;0;4;0;0;17300501.36;4408674.69;130000;33.912882;0.37315;0;-0.672338;-0.473378;-0.19896;0
07.122.725/0001-00;2026-01-01;1;2026-01-30;1875;1813;50;0;0;0;6;0;0;1;0;0;3;2;0;0;233390239.98;229298385.03;111177;2062.462425;0.000472;0;0;0;0;0
07.122.725/0001-00;2026-02-01;1;2026-02-27;1868;1806;50;0;0;0;6;0;0;1;0;0;3;2;0;0;227666577.53;223207010.18;111177;2007.672542;0.000485;0;0;0;0;0
07.122.725/0001-00;2026-03-01;1;2026-03-31;1861;1799;50;0;0;0;6;0;0;1;0;0;3;2;0;0;228209867.01;223708735.66;111177;2012.185395;0.000484;0;0;0;0;0
07.122.725/0001-00;2026-04-01;1;2026-04-30;1852;1790;50;0;0;0;6;0;0;1;0;0;3;2;0;0;232590729.65;227740336.36;111177;2048.448297;0.00044;0;-9E-06;0;-9E-06;0
07.122.725/0001-00;2026-05-01;1;2026-05-29;1843;1781;50;0;0;0;6;0;0;1;0;0;3;2;0;0;232486119.63;227267303.51;111177;2044.193525;0.000476;0;0;0;0;0
07.122.725/0001-00;2026-06-01;1;2026-06-30;1835;1774;49;0;0;0;6;0;0;1;0;0;3;2;0;0;233220148.78;227798607.56;111177;2048.972427;0.000475;0;-9E-06;0;-9E-06;0
07.122.725/0001-00;2026-07-01;2;2026-07-31;1829;1768;49;0;0;0;6;0;0;1;0;0;3;2;0;0;234387144.62;232330696.5;111177;2089.737054;0.000466;0;-9E-06;0;-9E-06;0
07.224.019/0001-60;2026-01-01;1;2026-01-30;2;0;1;0;0;0;1;0;0;0;0;0;0;0;0;0;1343919392.27;1267810059.79;1189725;1065.632865;0.000127;0;0.048657;-0.015678;0.064335;0
07.224.019/0001-60;2026-02-01;1;2026-02-27;2;0;1;0;0;0;1;0;0;0;0;0;0;0;0;0;1466247822.55;1416182215.93;1189725;1190.344169;0.00011;0;0.134931;0.002394;0.132537;0
07.224.019/0001-60;2026-03-01;1;2026-03-31;2;0;1;0;0;0;1;0;0;0;0;0;0;0;0;0;1289720288.65;1234250733.93;1189725;1037.425232;0.000127;0;-0.06577;-0.128466;0.062696;0
07.224.019/0001-60;2026-04-01;1;2026-04-30;2;0;1;0;0;0;1;0;0;0;0;0;0;0;0;0;1205150308.72;1152149132.35;1189725;968.416342;0.000136;0;-0.001767;-0.066519;0.064752;0
07.224.019/0001-60;2026-05-01;1;2026-05-29;2;0;1;0;0;0;1;0;0;0;0;0;0;0;0;0;1106245671.84;1052234698.91;1189725;884.435226;0.000149;0;-0.022077;-0.08672;0.064643;0
07.224.019/0001-60;2026-06-01;1;2026-06-30;2;0;1;0;0;0;1;0;0;0;0;0;0;0;0;0;1024514863.85;972051824.63;1189725;817.039084;0.000161;0;-0.00718;-0.076202;0.069022;0
07.224.019/0001-60;2026-07-01;1;2026-07-31;2;0;1;0;0;0;1;0;0;0;0;0;0;0;0;0;942823939.47;889876464.68;1189725;747.968198;0.000176;0;-0.079776;-0.084538;0.004762;0
07.583.627/0001-61;2026-01-01;1;2026-01-30;11;10;1;0;0;0;0;0;0;0;0;0;0;0;0;0;5088596713.73;5008872889.48;224952;22266.407454;5.5E-05;0;0.072638;0.072638;0;0
07.583.627/0001-61;2026-02-01;1;2026-02-27;11;10;1;0;0;0;0;0;0;0;0;0;0;0;0;0;5073383396.01;5046821002.97;224952;22435.101724;5.1E-05;0;151.31849;172.061516;-20.743026;0
07.583.627/0001-61;2026-03-01;1;2026-03-31;11;10;1;0;0;0;0;0;0;0;0;0;0;0;0;0;5081041785.7;5057119614.3;224952;22480.883096;5.1E-05;0;0.006567;0.000214;0.006353;0
07.583.627/0001-61;2026-04-01;1;2026-04-30;11;10;1;0;0;0;0;0;0;0;0;0;0;0;0;0;5081120597.96;5056991819.22;224952;22480.314997;5.1E-05;0;0.006272;-2.5E-05;0.006297;0
07.583.627/0001-61;2026-05-01;1;2026-05-29;11;10;1;0;0;0;0;0;0;0;0;0;0;0;0;0;5081065987.34;5057337863.19;224952;22481.853298;3.2E-05;0;0.006127;6.8E-05;0.006059;0
07.583.627/0001-61;2026-06-01;1;2026-06-30;11;10;1;0;0;0;0;0;0;0;0;0;0;0;0;0;5083345636.68;5059725079.11;224952;22492.465411;5.1E-05;0;0.006704;0.000472;0.006232;0
07.583.627/0001-61;2026-07-01;1;2026-07-31;11;10;1;0;0;0;0;0;0;0;0;0;0;0;0;0;5096673387.09;5072222384.55;224952;22548.020842;5.1E-05;0;0.008863;0.00247;0.006393;0
07.789.135/0001-27;2026-01-01;2;2026-01-30;250;244;;;;;6;;;;;;;;;;4507937741.13;4185037782.52;34717612.9610135;120.545090102238;2.4518242207652E-05;7.08493006296014E-07;-0.001103;-0.001103;0;0
07.789.135/0001-27;2026-02-01;1;2026-02-27;246;240;;;;;6;;;;;;;;;;4455486616.98;4132586658.37;34717612.9610135;119.034297173908;2.48294297210145E-05;7.17485256841414E-07;-0.012533;-0.012533;0;0
07.789.135/0001-27;2026-03-01;2;2026-03-31;248;242;;;;;6;;;;;;;;;;4753058019.57;4172561658.74;34717612.9610135;120.185730033503;2.48796898621142E-05;5.10765370126026E-07;0.000212;0.000212;0;0
07.789.135/0001-27;2026-04-01;2;2026-04-30;247;241;;;;;6;;;;;;;;;;5160634933.03;4286739820.25;35856709.9610135;119.551956242246;2.42221651777188E-05;4.97161033644377E-07;-0.005273;-0.005273;0;0
07.789.135/0001-27;2026-05-01;2;2026-05-29;251;245;;;;;6;;;;;;;;;;5199748349.63;4307776615.02;35856709.9610135;120.138646844727;2.48802246677089E-05;4.94733174549745E-07;0.004907;0.004907;0;0
07.789.135/0001-27;2026-06-01;2;2026-06-30;250;244;;;;;6;;;;;;;;;;5231669660.1;4313209299.56;35856709.9610135;120.290157804486;2.50137896185576E-05;4.9411003547113E-07;0;0;0;0
07.789.135/0001-27;2026-07-01;1;2026-07-31;250;244;;;;;6;;;;;;;;;;5231669660.1;4313209299.56;35856709.9610135;120.290157804486;2.50137896185576E-05;4.9411003547113E-07;0;0;0;0
08.014.513/0001-63;2026-01-01;1;2026-01-30;5197;5179;10;1;0;0;1;0;0;0;0;0;3;3;0;0;225323412.83;224929403.08;1293286;173.920852;0.000363;0;0;0;0;0
08.014.513/0001-63;2026-02-01;1;2026-02-27;5158;5139;11;1;0;0;1;0;0;0;0;0;3;3;0;0;250301297.7;247580776.03;1293286;191.435441;0.000329;0;0;0;0;0
08.014.513/0001-63;2026-03-01;1;2026-03-31;5145;5127;11;1;0;0;1;0;0;0;0;0;3;2;0;0;230232928.11;224385241.69;1293286;173.500093;0.002849;0;0;0;0;0
08.014.513/0001-63;2026-04-01;1;2026-04-30;5194;5175;12;1;0;0;1;0;0;0;0;0;3;2;0;0;244776594.42;222866668.29;1293286;172.325896;0.000318;0;-1E-06;0;-1E-06;0
08.014.513/0001-63;2026-05-01;1;2026-05-29;5220;5202;12;1;0;0;1;0;0;0;0;0;3;1;0;0;226016577.52;223628974.12;1293286;172.915329;0.000367;0;-1E-06;0;-1E-06;0
08.014.513/0001-63;2026-06-01;1;2026-06-30;5211;5193;11;1;0;0;2;0;0;0;0;0;3;1;0;0;229171412.78;226774449.82;1293286;175.347487;0.000362;0;0;0;0;0
08.014.513/0001-63;2026-07-01;1;2026-07-31;5217;5199;11;1;0;0;2;0;0;0;0;0;3;1;0;0;333630179.45;327478149.68;1293286;253.214022;0.000437;0;-1E-06;0;-1E-06;0
08.098.114/0001-28;2026-01-01;1;2026-01-31;413;;;;;;;;;;;;;;;;788967823.04;779956729.7;8898724;87.6481537914874;0.000711274098773893;;0.006507;-0.00316;0.009667;
08.098.114/0001-28;2026-02-01;1;2026-02-28;423;;;;;;;;;;;;;;;;786557045.79;777641031.79;8898724;87.3879257059776;0.000608949747558948;;0.006729;-0.002969;0.009698;
08.098.114/0001-28;2026-03-01;1;2026-03-31;449;433;4;;;;2;1;;;;;1;8;;;784607829.83;775670472.21;8898724;87.1664827687655;0.000744822809038923;;0.007193;-0.002534;0.009727;
08.098.114/0001-28;2026-04-01;1;2026-04-30;839;;;;;;;;;;;;;;;;782600429.94;772362200.48;8898724;86.7947135432001;0.000681323658347035;;0.005486;-0.004265;0.009751;
08.098.114/0001-28;2026-05-01;1;2026-05-31;792;;;;;;;;;;;;;;;;780440774.53;769710080.04;8898724;86.4966797531871;0.000676773246847604;;0.00636;-0.003433;0.009793;
08.098.114/0001-28;2026-06-01;1;2026-06-30;792;792;;;;;;;;;;;;;;;780440774.53;769710080.04;8898724;86.4966797531871;0.000676773246847604;;0.00636;-0.003433;0.009793;
08.098.114/0001-28;2026-07-01;1;2026-07-31;785;760;6;0;0;0;1;2;0;0;0;0;7;9;0;0;774949193.8;772974188.15;8898724;86.863486;0.001654;0;0;0;0;0
08.417.532/0001-30;2026-01-01;2;2026-01-31;2;;;;;;;;;;;;;;;;480136718.19;178902997.32;46971;3808.79686019033;0.000597;5E-06;0.020401;0.020401;0;0
08.417.532/0001-30;2026-02-01;2;2026-02-28;2;;;;;;;;;;;;;;;;433046228.26;179750880.18;46971;3826.84805901514;0.000594;6E-06;0.004009;0.004009;0;0
08.417.532/0001-30;2026-03-01;1;2026-03-31;2;;2;;;;;;;;;;;;;;438259856.29;181541010.93;46971;3864.95946286006;0.000695;7E-06;0.009959;0.009959;0;0
08.417.532/0001-30;2026-04-01;1;2026-04-30;2;;;;;;;;;;;;;;;;443995429.72;183973497.24;46971;3916.74644440187;0.000686;6E-06;0.013399;0.013399;0;0
08.417.532/0001-30;2026-05-01;1;2026-05-31;2;;;;;;;;;;;;;;;;449432420.52;186748100.94;46971;3975.8170134764;0.000732;6E-06;0.015082;0.015082;0;0
08.417.532/0001-30;2026-06-01;1;2026-06-30;2;;2;;;;;;;;;;;;;;454806095.3;181212972.25;46971;3857.9756072896;0.000725;7E-06;0.018954;-0.02964;0.048594;0
08.417.532/0001-30;2026-07-01;1;2026-07-31;2;;;;;;;;;;;;;;;;450380960.72;183868932.69;46971;3914.52029315961;0.000715;7E-06;0.014657;0.014657;0;0
08.431.747/0001-06;2026-01-01;2;2026-01-30;149239;;;;;;;;;;;;;;;;3393107060.36;2668558839.35;129133010;20.6651950523727;0.000484;2.5E-05;0.003646;-0.004065;0.007711;0
08.431.747/0001-06;2026-02-01;1;2026-02-27;161939;;;;;;;;;;;;;;;;3404849503.56;2679044543.9;129133010;20.7463958588126;0.000416;2.1E-05;0.012155;0.003929;0.008226;0
08.431.747/0001-06;2026-03-01;1;2026-03-31;174272;174019;191;;;;23;2;4;;;;12;19;;2;3356773121.15;2671636927.73;129133010;20.6890316250663;0.000516;2.6E-05;0.005429;-0.002765;0.008194;0
08.431.747/0001-06;2026-04-01;1;2026-04-30;181535;;;;;;;;;;;;;;;;3663185342.59;2666618750.34;129133010;20.6501710936654;0.00048;2.4E-05;0.00634;-0.001877;0.008217;0
08.431.747/0001-06;2026-05-01;1;2026-05-31;194805;;;;;;;;;;;;;;;;3620297069.28;2942000393.2;144355726;20.3802126505186;0.000462;2.4E-05;-0.004842;-0.013074;0.008232;0
08.431.747/0001-06;2026-06-01;1;2026-06-30;196426;196065;270;0;0;0;28;5;5;0;0;0;20;32;0;1;3607607427.44;2930204823.44;144355726;20.2985008259388;0.000483;2.5E-05;0.004332;-0.004009;0.008341;0
08.431.747/0001-06;2026-07-01;1;2026-07-31;198399;;;;;;;;;;;;;;;;3622245094.44;2922626205.6;144355726;20.2460012261654;0.000521;2.8E-05;0.005789;-0.002586;0.008375;0
08.693.497/0001-82;2026-01-01;1;2026-01-30;112;108;3;0;0;0;1;0;0;0;0;0;0;0;0;0;343381914.67;341077698.35;639906.5347;533.011744484;0.000145;0;0.00685317;0.00122449;0.00562868;0
08.693.497/0001-82;2026-02-01;1;2026-03-13;112;108;3;0;0;0;0;0;0;0;0;0;0;1;0;0;343293349.21;340992194.03;639906.5347;532.87812447;0.000125;0;0.0053777;-0.00025069;0.00562839;0
08.693.497/0001-82;2026-03-01;1;2026-03-31;111;108;2;0;0;0;0;0;0;0;0;0;0;1;0;0;340593660.99;340207846.33;640565.5375;531.105447308;0.000153;0;-0.00332661;-0.00332661;0;0
08.693.497/0001-82;2026-04-01;1;2026-04-30;111;108;2;0;0;0;0;0;0;0;0;0;0;1;0;0;340599700.03;340215922.15;640565.5375;531.118054636;0.000139;0;2.374E-05;2.374E-05;0;0
08.693.497/0001-82;2026-05-01;1;2026-05-29;111;108;2;0;0;0;0;0;0;0;0;0;0;1;0;0;348341582.79;339195230.7;640565.5375;529.524632277;0.000139;0;0.01394526;-0.00300013;0.01694539;0
08.693.497/0001-82;2026-06-01;1;2026-06-30;111;108;2;0;0;0;0;0;0;0;0;0;0;1;0;0;342341267.13;338181615.99;640565.5375;527.942257562;0.000116;0;0.00624641;-0.00298829;0.0092347;0
08.693.497/0001-82;2026-07-01;1;2026-07-31;109;107;1;0;0;0;0;0;0;0;0;0;0;1;0;0;339874560.66;336746416.18;640565.5375;525.701737699;0.000137;0;0.00143857;-0.00424387;0.00568244;0
08.696.175/0001-97;2026-01-01;1;2026-01-31;6000;;;;;;;;;;;;;;;;186751637;185094220.85;927162;199.635253440068;0.000143;0;0.007673;0.000656;0.007017;0
08.696.175/0001-97;2026-02-01;1;2026-02-28;5982;;;;;;;;;;;;;;;;186767781.52;185114035.11;927162;199.656624311609;0.000142;0;0.00712;0.000107;0.007013;0
08.696.175/0001-97;2026-03-01;1;2026-03-31;5972;5957;11;;;;4;;;;;;;;;;186841737.79;185190325.6;927162;199.738908195116;0.000142;0;0.007424;0.000412;0.007012;0
08.696.175/0001-97;2026-04-01;1;2026-04-30;5988;;;;;;;;;;;;;;;;186950925.16;185299157.54;927162;199.856289990315;0.000142;0;0.007597;0.000588;0.007009;0
08.696.175/0001-97;2026-05-01;1;2026-05-31;5988;;;;;;;;;;;;;;;;187143589.47;185491815.14;927162;200.064082803221;0.000142;0;0.008045;0.00104;0.007005;0
08.696.175/0001-97;2026-06-01;1;2026-06-30;5878;5862;13;;;;3;;;;;;;;;;186752900.91;185148504.74;927162;199.69380188144;0.000142;0;0.005346;-0.001851;0.007197;0
08.696.175/0001-97;2026-07-01;1;2026-07-31;5816;;;;;;;;;;;;;;;;187000941.54;185396155.2;927162;199.96090780252;0.000142;0;0.008449;0.001338;0.007111;0
08.706.065/0001-69;2026-01-01;1;2026-01-30;34944;34865;68;0;0;0;2;0;0;0;0;1;3;5;0;0;444518903.77;433196629.78;2888094;149.993951;0.001079;0;0.012245;-0.005783;0.018028;0
08.706.065/0001-69;2026-02-01;1;2026-02-27;34286;34208;67;0;0;0;3;0;0;0;0;1;3;4;0;0;442597189.86;427594081.35;2888094;148.054073;0.001077;0;-0.008394;-0.012933;0.004539;0
08.706.065/0001-69;2026-03-01;1;2026-03-31;33833;33757;64;0;0;0;3;0;0;0;0;1;3;5;0;0;444186381.82;432473152.22;2888094;149.743447;0.001217;0;0.007528;0.001476;0.006052;0
08.706.065/0001-69;2026-04-01;1;2026-04-30;33476;33404;61;0;0;0;3;0;0;0;0;1;3;4;0;0;447012882.86;430892555.87;2888094;149.196167;0.001221;0;0.012863;-0.003655;0.016518;0
08.706.065/0001-69;2026-05-01;1;2026-05-29;33089;33018;60;0;0;0;4;0;0;0;0;1;3;3;0;0;445245687.14;430803119.92;2888094;149.1652;0.001222;0;0.004894;-0.000208;0.005102;0
08.706.065/0001-69;2026-06-01;1;2026-06-30;33042;32973;58;0;0;0;4;0;0;0;0;1;3;3;0;0;443153397.98;429908290.23;2888094;148.855366;0.000883;0;0.005296;-0.002077;0.007373;0
08.706.065/0001-69;2026-07-01;1;2026-07-31;33399;33330;58;0;0;0;4;0;0;0;0;1;3;3;0;0;435508253.11;428115267.02;2888094;148.234534;0.001223;0;0.003083;-0.004171;0.007254;0
08.924.783/0001-01;2026-01-01;2;2026-01-30;117743;117499;164;0;0;0;21;3;3;3;1;1;22;25;0;1;2417338459.7;2289214993.6;26638202;85.937294;0.000169;0;0.008992;0.004298;0.004694;0
08.924.783/0001-01;2026-02-01;1;2026-02-27;117505;117255;171;0;0;0;18;4;3;3;1;2;23;24;0;1;2414601110.8;2286456602.25;26638202;85.833744;0.00017;0;0.003638;-0.001205;0.004843;0
08.924.783/0001-01;2026-03-01;1;2026-03-31;116475;116218;182;0;0;0;17;4;3;2;1;1;23;23;0;1;2410889841.07;2282809837.1;26638202;85.696844;0.000167;0;0.002764;-0.001595;0.004359;0
08.924.783/0001-01;2026-04-01;2;2026-04-30;115596;115335;182;0;0;0;20;4;3;2;1;1;23;24;0;1;2409357936.42;2281529277.71;26638202;85.648772;0.000168;0;0.004511;-0.000561;0.005072;0
08.924.783/0001-01;2026-05-01;2;2026-05-29;112683;112422;181;0;0;0;18;3;3;2;1;1;26;25;0;1;2301959463.94;2152303066.79;26638202;80.79761;0.000173;0;-0.051724;-0.05664;0.004916;0
08.924.783/0001-01;2026-06-01;2;2026-06-30;111553;111291;178;0;0;0;17;4;3;2;1;1;27;28;0;1;2300294199.87;2150203695.8;26638202;80.7188;0.000163;0;-0.006107;-0.010913;0.004806;0
08.924.783/0001-01;2026-07-01;1;2026-07-31;110207;109953;171;0;0;0;17;4;3;2;1;2;27;26;0;1;2307784573.79;2157913144.8;26638202;81.008213;0.00015;0;0.018154;0.013669;0.004485;0
08.971.868/0001-40;2026-01-01;1;2026-01-30;1;0;1;0;0;0;0;0;0;0;0;0;0;0;0;0;4471428.93;4469131.33;27423.30802067;162.968352564594;0.00020138;0;-0.016285;-0.016285;0;0
08.971.868/0001-40;2026-02-01;1;2026-02-27;1;0;1;0;0;0;0;0;0;0;0;0;0;0;0;0;4051189.97;4045688.63;27423.30802067;147.527374412693;0.000224;0;0.016552;0.016552;0;0
08.971.868/0001-40;2026-03-01;1;2026-03-31;1;0;1;0;0;0;0;0;0;0;0;0;0;0;0;0;3875852.15;3870023.45;27423.30802067;141.12168550501;0.0002325;0;-0.04342;-0.04342;0;0
08.971.868/0001-40;2026-04-01;1;2026-04-30;1;0;1;0;0;0;0;0;0;0;0;0;0;0;0;0;3874389.72;3871199.23;27423.30802067;141.164560711718;0.000232;0;0.0003;0.0003;0;0
08.971.868/0001-40;2026-05-01;1;2026-05-29;1;0;1;0;0;0;0;0;0;0;0;0;0;0;0;0;3994699.65;3992699.65;27423.30802067;145.595113725541;0.000225;0;0.031386;0.031386;0;0
08.971.868/0001-40;2026-06-01;2;2026-06-30;1;0;1;0;0;0;0;0;0;0;0;0;0;0;0;0;3888186.59;3886186.59;27423.30802067;141.711079752699;0.000231;0;-0.026677;-0.026677;0;0
08.971.868/0001-40;2026-07-01;1;2026-07-31;1;0;1;0;0;0;0;0;0;0;0;0;0;0;0;0;3549797.53;3542400.51;27423.30802067;129.174806603564;0.000254;0;-0.049436;-0.049436;0;0
09.006.914/0001-34;2026-01-01;1;2026-01-30;7519;;;;;;;;;;;;;;;;121469444.53;120054419.87;1851786;64.831692;9.7E-05;0;0.00738315;-0.0010911;0.00847425;0
09.006.914/0001-34;2026-02-01;1;2026-02-27;62;61;0;;;;;;;;;;;;;1;133933019.15;132549997.14;1851786;71.579544;8.9E-05;0;0.00698405;-0.00069437;0.00767842;0
09.006.914/0001-34;2026-03-01;1;2026-03-31;7479;7447;0;;;;1;;1;;;;;1;;29;133947954.01;132560050.09;1851786;71.584973;0.000101;1.8E-05;0.00775961;7.585E-05;0.00768376;0
09.006.914/0001-34;2026-04-01;1;2026-04-30;7508;;;;;;;;;;;;;;;;134249424.31;132696024.45;1851786;71.658401;9E-05;1.6E-05;0.00724994;-0.00042212;0.00767206;0
09.006.914/0001-34;2026-05-01;1;2026-05-29;7509;;;;;;;;;;;;;;;;134340363.25;132777498.24;1851786;71.702399;9E-05;0;0.0082893;0.000614;0.0076753;0
09.006.914/0001-34;2026-06-01;1;2026-06-30;7454;7425;10;;;;1;;16;;1;;;1;;;134433002.87;132859879.79;1851786;71.746886;9.4E-05;1.7E-05;0.00829103;0.00062044;0.00767059;0
09.006.914/0001-34;2026-07-01;1;2026-07-31;7403;;;;;;;;;;;;;;;;134531432.2;133967894.97;1851786;72.345236;9.5E-05;1.8E-05;0.00833973;0.00833973;0;0
09.072.017/0001-29;2026-01-01;1;2026-01-30;142846;;;;;;;;;;;;;;;;1805086577.19;1744664843.62;11817767;147.630668604314;0.000705;7.04681477646476E-06;0.057071;-0.000648;0.057719;0
09.072.017/0001-29;2026-02-01;1;2026-02-27;143935;;;;;;;;;;;;;;;;1805194099.46;1745863206.45;11817767;147.732072095346;0.000608;6.07602013766581E-06;0.006445;0.000687;0.005758;0
09.072.017/0001-29;2026-03-01;1;2026-03-31;144199;144006;147;;;;13;3;1;;;;11;18;;;1805159903.14;1744036723.16;11817767;147.577518084423;0.000749;7.49441787918183E-06;0.004708;-0.001046;0.005754;0
09.072.017/0001-29;2026-04-01;1;2026-04-30;0;;;;;;;;;;;;;;;;1802044150.53;1743790177.66;11817767;147.55665580985;0.000675;6.74621875424608E-06;0.005619;-0.000141;0.00576;0
09.072.017/0001-29;2026-05-01;1;2026-05-29;144569;;;;;;;;;;;;;;;;1799205445.4;1741832777.19;11817767;147.391023802551;0.000697;6.96652982933066E-06;0.004639;-0.001122;0.005761;0
09.072.017/0001-29;2026-06-01;1;2026-06-30;143433;143231;154;;;;13;;;;;;10;18;;7;1796299429.13;1732042024.9;11817767;146.562546452304;0.000716;7.16479728643794E-06;0.004556;-0.005621;0.010177;0
09.072.017/0001-29;2026-07-01;1;2026-07-31;144538;;;;;;;;;;;;;;;;1784851532.13;1732940877.68;11817767;146.638605895682;0.000761;7.61493376373385E-06;0.00632;0.000519;0.005801;0
09.150.967/0001-24;2026-01-01;2;2026-01-30;14;;;;;;;;;;;;;;;;18636236.1;4886294.66;73304.97449994;66.657067863846;0.004421;0;-0.028225;-0.028225;0;0
09.150.967/0001-24;2026-02-01;2;2026-02-28;14;;;;;;;;;;;;;;;;18022867.79;4875191.56;73304.97449994;66.5056033817185;0.004431;0;-0.002272;-0.002272;0;0
09.150.967/0001-24;2026-03-01;2;2026-03-31;14;13;;;;;;;;;;;;1;;;17445822.4;4884240.25;73304.97449994;66.6290423442409;0.004423;0;0.001856;0.001856;0;0
09.150.967/0001-24;2026-04-01;2;2026-04-30;14;;;;;;;;;;;;;;;;16898210.99;4928220.41;73304.97449994;67.2290038107036;0.004384;0;0.009005;0.009005;0;0
09.150.967/0001-24;2026-05-01;1;2026-05-31;14;;;;;;;;;;;;;;;;16185833.65;4811420.88;73304.97449994;65.6356667855322;0.00449;0;-0.0237;-0.0237;0;0
09.150.967/0001-24;2026-06-01;1;2026-06-30;14;13;;;;;;;;;;;;1;;;15390042.97;4608858.27;73305;62.8723589113976;0.004687;0;-0.042101;-0.042101;0;0
09.150.967/0001-24;2026-07-01;1;2026-07-31;14;;;;;;;;;;;;;;;;14742105.67;4558115.16;73305;62.1801399631676;0.00474;0;-0.01101;-0.01101;0;0
09.276.964/0001-31;2026-01-01;1;2026-01-30;1;0;0;0;0;1;0;0;0;0;0;0;0;0;0;0;466378064.8;465894670.08;1206868.34768904;386.036033650326;2.54642106078674E-05;2.82935196441215E-06;-3.7E-05;-3.7E-05;0;0
09.276.964/0001-31;2026-02-01;1;2026-02-27;1;0;0;0;0;1;0;0;0;0;0;0;0;0;0;0;466031164.41;465934965.51;1206868.34768904;386.069422072582;4.47780088304024E-05;4.97532954510633E-06;8.6E-05;8.6E-05;0;0
09.276.964/0001-31;2026-03-01;1;2026-03-31;1;0;0;0;0;1;0;0;0;0;0;0;0;0;0;0;465193524.76;465084160.4;1206868.34768904;385.364452792686;6.4211260117557E-05;7.1345796793986E-06;0.000146;0.000146;0;0
09.276.964/0001-31;2026-04-01;1;2026-04-30;1;0;0;1;0;0;0;0;0;0;0;0;0;0;0;0;465672887.43;465579355.07;1206868.34768904;385.774766536474;2.54814563206229E-05;2.83126815148797E-06;0.001064;0.001064;0;0
09.276.964/0001-31;2026-05-01;1;2026-05-29;1;0;1;0;0;0;0;0;0;0;0;0;0;0;0;0;465323539.74;465202696.64;1206868.34768904;385.462670829663;2.55020877688092E-05;2.83356053075522E-06;0.000372;0.000372;0;0
09.276.964/0001-31;2026-06-01;1;2026-06-30;1;0;1;0;0;0;0;0;0;0;0;0;0;0;0;0;465320605.34;464782766.74;1206868.34768904;385.114720781256;4.48890137350362E-05;4.98766341157565E-06;-4.3E-05;-4.3E-05;0;0
09.276.964/0001-31;2026-07-01;1;2026-07-31;1;0;1;0;0;0;0;0;0;0;0;0;0;0;0;0;465219983.11;464346395.25;1206868.34768904;384.753147382769;4.49311983756592E-05;4.99235058937394E-06;-9.8E-05;-9.8E-05;0;0
09.326.861/0001-39;2026-01-01;1;2026-01-30;1523;;;;;;;;;;;;;;;;65296404.81;64675247.66;1186683;54.5008630443008;0.000426;2.5E-05;0.003242;-0.003523;0.006765;0
09.326.861/0001-39;2026-02-01;1;2026-02-27;1502;;;;;;;;;;;;;;;;65368184.47;64744090.99;1186683;54.5588762879387;0.00036;2.1E-05;0.007853;0.001064;0.006789;0
09.326.861/0001-39;2026-03-01;1;2026-03-31;1476;1475;;;;;;;;;;;1;;;;65281066.87;64701024.85;1186683;54.5225850964411;0.000442;2.6E-05;0.006116;-0.000666;0.006782;0
09.326.861/0001-39;2026-04-01;1;2026-04-30;1464;;;;;;;;;;;;;;;;65368392.87;64783843.3;1186683;54.5923749645019;0.000401;2.4E-05;0.008066;0.00128;0.006786;0
09.326.861/0001-39;2026-05-01;1;2026-05-31;1441;;;;;;;;;;;;;;;;65338486.66;64752127.01;1186683;54.5656481216972;0.000395;2.4E-05;0.006288;-0.00049;0.006778;0
