CNPJ_Fundo_Classe;Data_Referencia;Versao;Total_Necessidades_Liquidez;Disponibilidades;Titulos_Publicos;Titulos_Privados;Fundos_Renda_Fixa;Total_Investido;Direitos_Bens_Imoveis;Terrenos;Imoveis_Renda_Acabados;Imoveis_Renda_Construcao;Imoveis_Venda_Acabados;Imoveis_Venda_Construcao;Outros_Direitos_Reais;Acoes;Debentures;Bonus_Subscricao;Certificados_Deposito_Valores_Mobiliarios;Cedulas_Debentures;Fundo_Acoes;FIP;FII;FDIC;Outras_Cotas_FI;Notas_Promissorias;Acoes_Sociedades_Atividades_FII;Cotas_Sociedades_Atividades_FII;CEPAC;CRI;CRI_CRA;Letras_Hipotecarias;LCI;LCI_LCA;LIG;Outros_Valores_Mobliarios;Valores_Receber;Contas_Receber_Aluguel;Contas_Receber_Venda_Imoveis;Outros_Valores_Receber;Rendimentos_Distribuir;Taxa_Administracao_Pagar;Taxa_Performance_Pagar;Obrigacoes_Aquisicao_Imoveis;Adiantamento_Venda_Imoveis;Adiantamento_Alugueis;Obrigacoes_Securitizacao_Recebiveis;Instrumentos_Financeiros_Derivativos;Provisoes_Contigencias;Outros_Valores_Pagar;Total_Passivo
00.332.266/0001-31;2026-01-01;2;3785066.56;2000;;;3783066.56;249100000;249100000;;249100000;;;;;;;;;;;;;;;;;;;;;;;;;;6850689.95;433514.97;;6417174.98;1132796.07;56647.16;;;;;;;;344176.61;1533619.84
00.332.266/0001-31;2026-02-01;2;5266566.39;2000;;;5264566.39;249100000;249100000;;249100000;;;;;;;;;;;;;;;;;;;;;;;;;;5475519.62;611363.27;;4864156.35;1132852.07;56647.16;;;;;;;;311889.91;1501389.14
00.332.266/0001-31;2026-03-01;1;5257171.57;2000;;;5255171.57;249100000;249100000;;249100000;;;;;;;;;;;;;;;;;;;;;;;;;;5610267.3;734617.96;;4875649.34;1132908.07;56647.16;;;;;;;;328134.72;1517689.95
00.332.266/0001-31;2026-04-01;1;5249336.27;2000;;;5247336.27;249100000;249100000;;249100000;;;;;;;;;;;;;;;;;;;;;;;;;;6415574.76;1479113.31;;4936461.45;1132964.07;56647.16;;;;;;;;339931.64;1529542.87
00.332.266/0001-31;2026-05-01;1;5260767.32;2000;;;5258767.32;249174822.4;249174822.4;;249174822.4;;;;;;;;;;;;;;;;;;;;;;;;;;5555088.45;995102.51;;4559985.94;1133020.07;56647.16;;;;;;;;345662.37;1535329.6
00.332.266/0001-31;2026-06-01;1;5130715.94;2000;;;5128715.94;249256422.4;249256422.4;;249256422.4;;;;;;;;;;;;;;;;;;;;;;;;;;5556874.12;1262460.61;;4294413.51;1133076.07;56647.16;;;;;;;;359710.73;1549433.96
00.332.266/0001-31;2026-07-01;1;4753647.25;2000;;;4751647.25;249351622.4;249351622.4;;249351622.4;;;;;;;;;;;;;;;;;;;;;;;;;;5639000.91;1663515.29;;3975485.62;1273139.52;58437.98;;;;;;;;375378.48;1706955.98
00.613.094/0001-74;2026-01-01;1;569584.13;569584.13;0;0;0;196468851.72;195896624.86;0;0;0;195896624.86;0;0;0;0;0;0;;0;0;0;0;0;0;0;0;0;;0;0;;0;0;572226.86;0;0;0;0;22379.3;0;0;0;0;0;0;0;0;222237322.62;222259701.92
00.613.094/0001-74;2026-02-01;1;569584.13;569584.13;0;0;0;196468937.19;195896624.86;0;0;0;195896624.86;0;0;0;0;0;0;;0;0;0;0;0;0;0;0;0;;0;0;;0;0;572312.33;0;0;0;0;22379.3;0;0;0;0;0;0;0;0;223025460.42;223047839.72
00.613.094/0001-74;2026-03-01;1;569584.13;569584.13;0;0;0;196468937.19;195896624.86;0;0;0;195896624.86;0;0;0;0;0;0;;0;0;0;0;0;0;0;0;0;;0;0;;0;0;572312.33;0;0;0;0;22379.3;0;0;0;0;0;0;0;0;223141122.14;223163501.44
00.613.094/0001-74;2026-04-01;1;569584.13;569584.13;0;0;0;196468937.19;195896624.86;0;0;0;195896624.86;0;0;0;0;0;0;;0;0;0;0;0;0;0;0;0;;0;0;;0;0;572312.33;0;0;0;0;22379.3;0;0;0;0;0;0;0;0;223254211.72;223276591.02
00.613.094/0001-74;2026-05-01;1;569584.13;569584.13;0;0;0;196468937.19;195896624.86;0;0;0;195896624.86;0;0;0;0;0;0;;0;0;0;0;0;0;0;0;0;;0;0;;0;0;572312.33;0;0;0;0;22379.3;0;0;0;0;0;0;0;0;223343551.62;223365930.92
00.613.094/0001-74;2026-06-01;1;569584.13;569584.13;0;0;0;196468937.19;195896624.86;0;0;0;195896624.86;0;0;0;0;0;0;;0;0;0;0;0;0;0;0;0;;0;0;;0;0;572312.33;0;0;0;0;22379.3;0;0;0;0;0;0;0;0;223343551.62;223365930.92
00.613.094/0001-74;2026-07-01;1;569584.13;569584.13;0;0;0;196468937.19;195896624.86;0;0;0;195896624.86;0;0;0;0;0;0;;0;0;0;0;0;0;0;0;0;;0;0;;0;0;572312.33;0;0;0;0;22379.3;0;0;0;0;0;0;0;0;224322478.03;224344857.33
00.762.723/0001-28;2026-01-01;1;2615403.81;5292.15;0;0;2610111.66;94200000;94200000;0;94200000;0;0;0;0;0;0;0;0;;0;0;0;0;0;0;0;0;0;;0;0;;0;0;0;370772.15;0;0;370772.15;15.85;52263.5;0;0;0;0;0;0;0;1557565.75;1609845.1
00.762.723/0001-28;2026-02-01;1;2333843.58;5798;0;0;2328045.58;94200000;94200000;0;94200000;0;0;0;0;0;0;0;0;;0;0;0;0;0;0;0;0;0;;0;0;;0;0;0;602160.17;0;0;602160.17;15.85;52263.5;0;0;0;0;0;0;0;1534987.49;1587266.84
00.762.723/0001-28;2026-03-01;1;1707560.36;5963.49;0;0;1701596.87;94200000;94200000;0;94200000;0;0;0;0;0;0;0;0;;0;0;0;0;0;0;0;0;0;;0;0;;0;0;0;569368.75;0;0;569368.75;15.85;52263.5;0;0;0;0;0;0;0;1505176.37;1557455.72
00.762.723/0001-28;2026-04-01;1;971535.12;5740.4;0;0;965794.72;94200000;94200000;0;94200000;0;0;0;0;0;0;0;0;;0;0;0;0;0;0;0;0;0;;0;0;;0;0;0;508465.29;0;0;508465.29;15.85;52263.5;0;0;0;0;0;0;0;1489975.26;1542254.61
00.762.723/0001-28;2026-05-01;2;1438287.39;5415.14;0;0;1432872.25;94200000;94200000;0;94200000;0;0;0;0;0;0;0;0;;0;0;0;0;0;0;0;0;0;;0;0;;0;0;0;507914.12;0;0;507914.12;15.85;52263.5;0;0;0;0;0;0;0;1474553.81;1526833.16
00.762.723/0001-28;2026-06-01;1;2217431.7;5506.64;0;0;2211925.06;94200000;94200000;0;94200000;0;0;0;0;0;0;0;0;;0;0;0;0;0;0;0;0;0;;0;0;;0;0;0;516005.69;0;0;516005.69;15.85;52263.5;0;0;0;0;0;0;0;1459100.25;1511379.6
00.762.723/0001-28;2026-07-01;1;3006708.36;5404.82;0;0;3001303.54;94200000;94200000;0;94200000;0;0;0;0;0;0;0;0;;0;0;0;0;0;0;0;0;0;;0;0;;0;0;0;810544.71;0;0;810544.71;15.85;52263.5;0;0;0;0;0;0;0;1455208.37;1507487.72
00.868.235/0001-08;2026-01-01;1;1836876.89;22043.35;0;0;1814833.54;118095000;118095000;0;118095000;0;0;0;0;0;0;0;0;;0;0;0;0;0;0;0;0;0;;0;0;;0;0;0;4324486.41;4210509.03;0;113977.38;855477;63258.76;0;0;0;0;0;0;0;1773614.74;2692350.5
00.868.235/0001-08;2026-02-01;1;1764758.84;23475.79;0;0;1741283.05;118095000;118095000;0;118095000;0;0;0;0;0;0;0;0;;0;0;0;0;0;0;0;0;0;;0;0;;0;0;0;4393891.34;4275965.38;0;117925.96;838095.88;63258.76;0;0;0;0;0;0;0;1720261.18;2621615.82
00.868.235/0001-08;2026-03-01;1;1566389;26862.09;0;0;1539526.91;118095000;118095000;0;118095000;0;0;0;0;0;0;0;0;;0;0;0;0;0;0;0;0;0;;0;0;;0;0;0;4513352.94;4392438.21;0;120914.73;665371;63258.76;0;0;0;3591;0;0;0;1711628.83;2443849.59
00.868.235/0001-08;2026-04-01;1;1812034.98;16816.38;0;0;1795218.6;118095000;118095000;0;118095000;0;0;0;0;0;0;0;0;;0;0;0;0;0;0;0;0;0;;0;0;;0;0;0;4461591.85;4337514.91;0;124076.94;942382.6;63258.76;0;0;0;3591;0;0;0;1708917.18;2718149.54
00.868.235/0001-08;2026-05-01;1;1602446.47;23564.82;0;0;1578881.65;118095000;118095000;0;118095000;0;0;0;0;0;0;0;0;;0;0;0;0;0;0;0;0;0;;0;0;;0;0;0;4541698.43;4401455.38;0;140243.05;722402.8;63643.96;0;0;0;4232.65;0;0;0;1704560.82;2494840.23
00.868.235/0001-08;2026-06-01;1;1618266.74;24304.5;0;0;1593962.24;118095000;118095000;0;118095000;0;0;0;0;0;0;0;0;;0;0;0;0;0;0;0;0;0;;0;0;;0;0;0;4553681.69;4412942.33;0;140739.36;741413.4;63643.96;0;0;0;10;0;0;0;1714094.59;2519161.95
00.868.235/0001-08;2026-07-01;1;1773768.7;22210.85;0;0;1751557.85;118095000;118095000;0;118095000;0;0;0;0;0;0;0;0;;0;0;0;0;0;0;0;0;0;;0;0;;0;0;0;4650040.77;4508581.15;0;141459.62;325896;72500;0;0;0;3817.95;0;0;0;1911112.97;2313326.92
01.201.140/0001-90;2026-01-01;1;10722975.33;5872.87;0;0;10717102.46;508360104.27;508360104.27;0;508360104.27;0;0;0;0;0;0;0;0;;0;0;0;0;0;0;0;0;0;;0;0;;0;0;0;7298208.78;7281330.13;0;16878.65;3225027.79;103235.59;0;0;0;749209.91;0;0;9758.46;375119.95;4462351.7
01.201.140/0001-90;2026-02-01;1;10008925.93;5673.85;0;0;10003252.08;508360104.27;508360104.27;0;508360104.27;0;0;0;0;0;0;0;0;;0;0;0;0;0;0;0;0;0;;0;0;;0;0;0;7231279.24;6979170.64;0;252108.6;3227672.64;103235.59;0;0;0;68155.93;0;0;9758.46;356745.13;3765567.75
01.201.140/0001-90;2026-03-01;1;9963554.35;5553.99;0;0;9958000.36;508360104.27;508360104.27;0;508360104.27;0;0;0;0;0;0;0;0;;0;0;0;0;0;0;0;0;0;;0;0;;0;0;0;6579322.93;6327282.02;0;252040.91;3230317.49;103235.59;0;0;0;72362.09;0;0;9758.46;389787.64;3805461.27
01.201.140/0001-90;2026-04-01;1;7708262.71;5421.87;0;0;7702840.84;508361068.94;508361068.94;0;508361068.94;0;0;0;0;0;0;0;0;;0;0;0;0;0;0;0;0;0;;0;0;;0;0;0;8678110.11;6318565.01;0;2359545.1;2762054.14;103235.59;0;0;0;52470.48;0;0;9758.46;384815.21;3312333.88
01.201.140/0001-90;2026-05-01;1;7422011.97;5057.47;0;0;7416954.5;508306848;508306848;0;508306848;0;0;0;0;0;0;0;0;;0;0;0;0;0;0;0;0;0;;0;0;;0;0;0;9454630.06;6455637.75;0;2998992.31;2764292.09;103235.59;0;0;0;12810.38;0;0;9758.46;317144.62;3207241.14
01.201.140/0001-90;2026-06-01;1;7291387.27;5962.73;0;0;7285424.54;508306848;508306848;0;508306848;0;0;0;0;0;0;0;0;;0;0;0;0;0;0;0;0;0;;0;0;;0;0;0;9272622.67;6258364.38;0;3014258.29;2766530.04;103235.59;0;0;0;123674.69;0;0;9758.46;317693.43;3320892.21
01.201.140/0001-90;2026-07-01;1;7204239.24;5914.62;0;0;7198324.62;508346399.57;508346399.57;0;508346399.57;0;0;0;0;0;0;0;0;;0;0;0;0;0;0;0;0;0;;0;0;;0;0;0;9107768.09;5536701.73;0;3571066.36;2768767.99;103235.59;0;0;0;42312.71;0;0;9758.46;298323.69;3222398.44
01.235.622/0001-61;2026-01-01;2;121488136.86;126346.58;;;121361790.28;3469188516.83;2679407206.38;706264689.19;540025382.11;180150495.51;73862984.69;1179103654.88;;;;;;;;;316061578.64;;;;202595679.91;;;;271124051.9;;;;;;1211507937.76;3868788.99;986750347.73;220888801.04;43154498.4;2031445.29;;180764919.03;108600206.1;;;;6990609.09;634483600.17;976025278.08
01.235.622/0001-61;2026-02-01;2;125377939.05;6300.93;;;125371638.12;3488680764.67;2692840001.13;703434485.19;540025382.11;187457221.87;68032803.35;1193890108.61;;;;;;;;;321896562.67;;;;202304122.59;;;;271640078.28;;;;;;1198039404.5;4047207.79;992268563.8;201723632.91;4599.02;1751101.3;;177897117.98;112410996.4;;91754134.96;;6990609.09;537609674.28;928418233.03
01.235.622/0001-61;2026-03-01;2;110050933.26;258981.58;;;109791951.68;3564646965.78;2752357186.31;708795508.57;542275382.11;202090424.86;82205955.78;1216989914.99;;;;;;;;;340200306;;;;202304122.59;;;;269785350.88;;;;;;1172549794.25;3977205.84;983916705.91;184655882.5;2041.77;2171928.98;;166910972.41;127716558.47;;91868669.94;;6990609.09;549178532.21;944839312.87
01.235.622/0001-61;2026-04-01;2;98610695.14;66499.34;;;98544195.8;3587708948.76;2762873532.55;717071499.8;542275382.11;209519737.16;73921552.29;1220085361.19;;;;;;;;;352924881.36;;;;202304122.59;;;;269606412.26;;;;;;1209073036.5;4130999.8;1005586947.22;199355089.48;2041.77;1984175.58;;167879455.17;113045610.94;;91664707.67;;6990609.09;586233989.88;967800590.1
01.235.622/0001-61;2026-05-01;2;132123874.6;54691.44;;;132069183.16;3614972827.28;2786183230.87;720147920.43;542275382.11;220326052.78;71809746.52;1231624129.03;;;;;;;;;360366852.98;;;;202304122.59;;;;266118620.84;;;;;;1326271464.32;3703741.25;1010436540.98;312131182.09;2041.77;3455787.23;;169174217.85;108558300.65;;91608735.87;;6990609.09;711554961.8;1091344654.26
01.235.622/0001-61;2026-06-01;2;131918400.33;212597.91;;;131705802.42;3595311811.27;2783305916.84;722570350.08;542275382.11;226889969.3;67210434.38;1224359780.97;;;;;;;;;340723746.25;;;;205735935.63;;;;265546212.55;;;;;;1383504789.63;4001716.86;1036982884.59;342520188.18;63992288.87;3851289.4;;171372173.21;99749080.82;;91511701.13;;6990609.09;712806203.49;1150273346.01
01.235.622/0001-61;2026-07-01;2;110035947.93;209267.54;;;109826680.39;3681394330.59;2855481743.13;797206896.4;540875832;239336848.68;61265971.86;1216796194.19;;;;;;;;;355678035.94;;;;205735935.63;;;;264498615.89;;;;;;1251311199.65;4691097.87;998925774.27;247694327.51;63992288.87;4195060.19;;176889384.58;90682860.56;;91465678.9;;6990609.09;604378989.02;1038594871.21
01.356.517/0001-80;2026-01-01;1;231780066.86;257455.18;0;0;231522611.68;220325570.71;220325570.71;41347987.05;178977583.66;0;0;0;0;0;0;0;0;;0;0;0;0;0;0;0;0;0;;0;0;;0;0;0;15436839.33;13842443.11;0;1594396.22;285222286.23;0;0;604373.47;0;7682356.99;0;0;0;1255516.51;294764533.2
01.356.517/0001-80;2026-02-01;1;233924623.52;523283.89;0;0;233401339.63;220458599.49;220458599.49;41347987.05;179110612.44;0;0;0;0;0;0;0;0;;0;0;0;0;0;0;0;0;0;;0;0;;0;0;0;16383194.97;14764626.8;0;1618568.17;285222286.23;0;0;604373.47;0;7527576.41;0;0;0;1355293.79;294709529.9
01.356.517/0001-80;2026-03-01;1;241564933.91;255458.51;0;0;241309475.4;224006657.65;224006657.65;41347987.05;182658670.6;0;0;0;0;0;0;0;0;;0;0;0;0;0;0;0;0;0;;0;0;;0;0;0;16533970.09;14367255.88;0;2166714.21;285222286.23;0;0;604373.47;0;7652605.1;0;0;0;1327308.31;294806573.11
01.356.517/0001-80;2026-04-01;1;253539608.73;362273.52;0;0;253177335.21;224036876.18;224036876.18;41347987.05;182688889.13;0;0;0;0;0;0;0;0;;0;0;0;0;0;0;0;0;0;;0;0;;0;0;0;16692698.77;14523730.97;0;2168967.8;285222286.23;0;0;604373.47;0;7781710.56;0;0;0;4484834.37;298093204.63
01.356.517/0001-80;2026-05-01;1;254184961.14;193153.51;0;0;253991807.63;225994549.94;225994549.94;41347987.05;184646562.89;0;0;0;0;0;0;0;0;;0;0;0;0;0;0;0;0;0;;0;0;;0;0;0;18992018.02;14851339.24;0;4140678.78;281422286.23;0;0;604373.47;0;7762936.95;0;0;0;4548664.33;294338260.98
01.356.517/0001-80;2026-06-01;1;262432516.1;63863.74;0;0;262368652.36;226945089.5;226945089.5;41347987.05;185597102.45;0;0;0;0;0;0;0;0;;0;0;0;0;0;0;0;0;0;;0;0;;0;0;0;16222153.86;14671134.16;0;1551019.7;319866000.29;0;0;604373.47;0;7890723.15;0;0;0;11477782.37;339838879.28
01.356.517/0001-80;2026-07-01;1;264533401.37;223045.21;0;0;264310356.16;227046430.98;227046430.98;41347987.05;185698443.93;0;0;0;0;0;0;0;0;;0;0;0;0;0;0;0;0;0;;0;0;;0;0;0;16506792.47;14887875.97;0;1618916.5;319866000.29;0;0;604373.47;0;8038289.84;0;0;0;4463728.55;332972392.15
01.497.954/0001-14;2026-01-01;1;59791.45;6818.72;0;0;52972.73;163414875;163414875;0;163414875;0;0;0;0;0;0;0;0;;0;0;0;0;0;0;0;0;0;;0;0;;0;0;0;564574.24;559671.76;0;4902.48;68093.38;22240.1;0;0;0;30968.28;0;0;0;11091.28;132393.04
01.497.954/0001-14;2026-02-01;1;71481.55;1;0;0;71480.55;163414875;163414875;0;163414875;0;0;0;0;0;0;0;0;;0;0;0;0;0;0;0;0;0;;0;0;;0;0;0;564225.69;559077.14;0;5148.55;68239.29;21983.55;0;0;0;0;0;0;0;11381.08;101603.92
01.497.954/0001-14;2026-03-01;1;17315.4;1;0;0;17314.4;163414875;163414875;0;163414875;0;0;0;0;0;0;0;0;;0;0;0;0;0;0;0;0;0;;0;0;;0;0;0;534305.45;528777.78;0;5527.67;100622.55;21500.88;0;0;0;0;0;0;0;11097.28;133220.71
01.497.954/0001-14;2026-04-01;1;49258.5;1;0;0;49257.5;163414875;163414875;0;163414875;0;0;0;0;0;0;0;0;;0;0;0;0;0;0;0;0;0;;0;0;;0;0;0;604903.43;578948.83;0;25954.6;67149.79;21607.43;0;0;0;0;0;0;0;41453.24;130210.46
01.497.954/0001-14;2026-05-01;1;55415.58;1;0;0;55414.58;163414875;163414875;0;163414875;0;0;0;0;0;0;0;0;;0;0;0;0;0;0;0;0;0;;0;0;;0;0;0;562142.15;538445.04;0;23697.11;109309.32;21583.53;0;0;0;0;0;0;0;11092.78;141985.63
01.497.954/0001-14;2026-06-01;1;85168.97;1;0;0;85167.97;163414875;163414875;0;163414875;0;0;0;0;0;0;0;0;;0;0;0;0;0;0;0;0;0;;0;0;;0;0;0;565080.69;543568.72;0;21511.97;60000;22225.65;0;0;0;0;0;0;0;11092.78;93318.43
01.497.954/0001-14;2026-07-01;1;22779.42;1;0;0;22778.42;163414875;163414875;0;163414875;0;0;0;0;0;0;0;0;;0;0;0;0;0;0;0;0;0;;0;0;;0;0;0;554186.57;534698.21;0;19488.36;106225.69;22336.75;0;0;0;0;0;0;0;11091.78;139654.22
01.601.918/0001-59;2026-01-01;1;8187817.63;5506.91;0;0;8182310.72;13370409.9;9790000;0;9790000;0;0;0;0;0;0;0;0;;0;0;3580409.9;0;0;0;0;0;0;;0;0;;0;0;0;36706742.98;0;36682630.17;24112.81;0;63643.96;0;0;0;0;0;0;0;21668.73;85312.69
01.601.918/0001-59;2026-02-01;1;8189382.65;5957.23;0;0;8183425.42;13787150.3;9790000;0;9790000;0;0;0;0;0;0;0;0;;0;0;3997150.3;0;0;0;0;0;0;;0;0;;0;0;0;37137783.43;0;37098965.85;38817.58;0;63643.96;0;0;0;0;0;0;0;21668.73;85312.69
01.601.918/0001-59;2026-03-01;1;15889588.35;5791.28;0;0;15883797.07;13749033.8;9790000;0;9790000;0;0;0;0;0;0;0;0;;0;0;3959033.8;0;0;0;0;0;0;;0;0;;0;0;0;29915244.52;0;29877897.42;37347.1;0;63643.96;0;0;0;0;0;0;0;1915.73;65559.69
01.601.918/0001-59;2026-04-01;1;16000282.99;6166.34;0;0;15994116.65;13596567.8;9790000;0;9790000;0;0;0;0;0;0;0;0;;0;0;3806567.8;0;0;0;0;0;0;;0;0;;0;0;0;30301087.26;48000;30217001.64;36085.62;0;63643.96;0;0;0;0;0;0;0;3085.01;66728.97
01.601.918/0001-59;2026-05-01;1;16046654.73;6296.24;0;0;16040358.49;13161023.26;9790000;0;9790000;0;0;0;0;0;0;0;0;;0;0;3371023.26;0;0;0;0;0;0;;0;0;;0;0;0;30649739.11;48000;30559954.58;41784.53;0;63643.96;0;0;0;0;0;0;0;2370.45;66014.41
01.601.918/0001-59;2026-06-01;1;25544584.12;5972.59;0;0;25538611.53;12970440.76;9790000;0;9790000;0;0;0;0;0;0;0;0;;0;0;3180440.76;0;0;0;0;0;0;;0;0;;0;0;0;21716147.06;48000;21628678.16;39468.9;13125000;63643.96;0;0;0;0;0;0;0;2370.45;13191014.41
01.601.918/0001-59;2026-07-01;1;25888204.7;6000.79;0;0;25882203.91;12714297.88;9790000;0;9790000;0;0;0;0;0;0;0;0;;0;0;2924297.88;0;0;0;0;0;0;;0;0;;0;0;0;21958891.76;48000;21874156.49;36735.27;13125000;63643.96;0;0;0;0;0;0;0;1915.73;13190559.69
01.633.741/0001-72;2026-01-01;1;3676401.62;2000;;;3674401.62;0;0;;;;;;;;;;;;;;;;;;;;;;;;;;;;20212151.77;;20202268.06;9883.71;;21434.03;202022.68;;;;;;;116907.53;340364.24
01.633.741/0001-72;2026-02-01;1;3647569.7;2000;;;3645569.7;0;0;;;;;;;;;;;;;;;;;;;;;;;;;;;;20295819.1;;20290983.58;4835.52;;21434.03;202909.82;;;;;;;99359.77;323703.62
01.633.741/0001-72;2026-03-01;1;3658512.2;2000;;;3656512.2;0;0;;;;;;;;;;;;;;;;;;;;;;;;;;;;20502959.78;;20487791.98;15167.8;;21434.03;204877.9;;;;;;;104114.2;330426.13
01.633.741/0001-72;2026-04-01;2;3678939.71;2000;;;3676939.71;0;0;;;;;;;;;;;;;;;;;;;;;;;;;;;;20674133.65;;20659988.04;14145.61;;21434.03;206599.88;;;;;;;106857.13;334891.04
01.633.741/0001-72;2026-05-01;1;3685330.82;2000;;;3683330.82;0;0;;;;;;;;;;;;;;;;;;;;;;;;;;;;20776442.96;;20757888.64;18554.32;;21434.03;207578.88;;;;;;;105808.62;334821.53
01.633.741/0001-72;2026-06-01;2;3701457.48;2000;;;3699457.48;0;0;;;;;;;;;;;;;;;;;;;;;;;;;;;;20879293.85;;20861963.72;17330.13;50800.8;21434.03;208619.62;;;;;;;107973.96;388828.41
01.633.741/0001-72;2026-07-01;1;3120448.96;2000;;;3118448.96;0;0;;;;;;;;;;;;;;;;;;;;;;;;;;;;20842871.16;;20827769.94;15101.22;;21434.03;208277.76;;;;;;813907.54;86806.29;1130425.62
01.636.325/0001-28;2026-01-01;1;5231175.84;264177.86;4966997.98;0;0;306599588.63;306599588.63;0;306599588.63;0;0;0;0;0;0;0;0;;0;0;0;0;0;0;0;0;0;;0;0;;0;0;0;3706177.41;2512469.95;0;1193707.46;0;22036.07;0;0;0;0;0;0;0;2046111.24;2068147.31
01.636.325/0001-28;2026-02-01;1;3709388.82;4862.75;3704526.07;0;0;306971826.25;306971826.25;0;306971826.25;0;0;0;0;0;0;0;0;;0;0;0;0;0;0;0;0;0;;0;0;;0;0;0;3027951.49;2333311.15;0;694640.34;0;22036.07;0;0;0;0;0;0;0;857091.16;879127.23
01.636.325/0001-28;2026-03-01;1;3451230.75;4604.96;3446625.79;0;0;300314756.58;300314756.58;0;300314756.58;0;0;0;0;0;0;0;0;;0;0;0;0;0;0;0;0;0;;0;0;;0;0;0;4625215.08;3930942.74;0;694272.34;0;22036.07;0;0;0;0;0;0;0;600057.33;622093.4
01.636.325/0001-28;2026-04-01;1;5122141.66;9738.47;5112403.19;0;0;300807429.62;300807429.62;0;300807429.62;0;0;0;0;0;0;0;0;;0;0;0;0;0;0;0;0;0;;0;0;;0;0;0;4022681.13;3222008.3;0;800672.83;0;22036.07;0;0;0;0;0;0;0;762338.43;784374.5
01.636.325/0001-28;2026-05-01;1;6155850.66;396;6155454.66;0;0;301182038.65;301182038.65;0;301182038.65;0;0;0;0;0;0;0;0;;0;0;0;0;0;0;0;0;0;;0;0;;0;0;0;4399465.81;3568803.02;0;830662.79;0;22036.07;0;0;0;0;0;0;0;660093.03;682129.1
01.636.325/0001-28;2026-06-01;1;7222482.26;58196.46;7164285.8;0;0;301621585.27;301621585.27;0;301621585.27;0;0;0;0;0;0;0;0;;0;0;0;0;0;0;0;0;0;;0;0;;0;0;0;4367934.17;3060706.83;0;1307227.34;0;22036.07;0;0;0;0;0;0;1700000;1214903.62;2936939.69
01.636.325/0001-28;2026-07-01;1;4602816.48;13934.98;4588881.5;0;0;301937139.76;301937139.76;0;301937139.76;0;0;0;0;0;0;0;0;;0;0;0;0;0;0;0;0;0;;0;0;;0;0;0;4458201.52;3153872.01;0;1304329.51;0;22036.07;0;0;0;0;0;0;1700000;668095.36;2390131.43
01.657.856/0001-05;2026-01-01;1;496141.5;72019.38;0;0;424122.12;41220000;41220000;0;41220000;0;0;0;0;0;0;0;0;;0;0;0;0;0;0;0;0;0;;0;0;;0;0;0;1285215.4;430889.95;0;854325.45;0;18176.22;0;0;0;0;0;0;0;1458034.97;1476211.19
01.657.856/0001-05;2026-02-01;1;481151.13;58075.07;0;0;423076.06;41220000;41220000;0;41220000;0;0;0;0;0;0;0;0;;0;0;0;0;0;0;0;0;0;;0;0;;0;0;0;1283222.67;411586.44;0;871636.23;0;18183.88;0;0;0;0;0;0;0;1433427.17;1451611.05
01.657.856/0001-05;2026-03-01;1;463423.55;36218.22;0;0;427205.33;41220000;41220000;0;41220000;0;0;0;0;0;0;0;0;;0;0;0;0;0;0;0;0;0;;0;0;;0;0;0;1339506.08;451824.45;0;887681.63;0;18191.25;0;0;0;0;0;0;0;1420090.33;1438281.58
01.657.856/0001-05;2026-04-01;1;500414.25;87385.2;0;0;413029.05;41220000;41220000;0;41220000;0;0;0;0;0;0;0;0;;0;0;0;0;0;0;0;0;0;;0;0;;0;0;0;1345066.16;443100.96;0;901965.2;0;18081.64;0;0;0;0;0;0;0;1513707.5;1531789.14
01.657.856/0001-05;2026-05-01;1;506539.95;93009.43;0;0;413530.52;41220000;41220000;0;41220000;0;0;0;0;0;0;0;0;;0;0;0;0;0;0;0;0;0;;0;0;;0;0;0;1401842.33;476959.78;0;924882.55;0;18092.84;0;0;0;0;0;0;0;1561055.87;1579148.71
01.657.856/0001-05;2026-06-01;1;483699.21;67345.81;0;0;416353.4;41220000;41220000;0;41220000;0;0;0;0;0;0;0;0;;0;0;0;0;0;0;0;0;0;;0;0;;0;0;0;1389756.55;451733.22;0;938023.33;0;18010.36;0;0;0;0;0;0;0;1665838.14;1683848.5
01.657.856/0001-05;2026-07-01;1;356262.76;52799.36;0;0;303463.4;41220000;41220000;0;41220000;0;0;0;0;0;0;0;0;;0;0;0;0;0;0;0;0;0;;0;0;;0;0;0;1399844.45;445358.45;0;954486;0;18325.35;0;0;0;0;0;0;0;1494090.44;1512415.79
01.964.775/0001-40;2026-01-01;1;1471818.82;11654.01;0;1460164.81;0;0;0;0;0;0;0;0;0;0;0;0;0;;0;0;0;0;0;0;0;0;0;;0;0;;0;0;0;74652.87;0;0;74652.87;0;982.3;0;0;0;0;0;0;0;3839.34;4821.64
01.964.775/0001-40;2026-02-01;1;1470766.95;36405.89;0;1434361.06;0;0;0;0;0;0;0;0;0;0;0;0;0;;0;0;0;0;0;0;0;0;0;;0;0;;0;0;0;74652.87;0;0;74652.87;0;896.2;0;0;0;0;0;0;0;3839.34;4735.54
01.964.775/0001-40;2026-03-01;1;1485441.71;33949.57;0;1451492.14;0;0;0;0;0;0;0;0;0;0;0;0;0;;0;0;0;0;0;0;0;0;0;;0;0;;0;0;0;74652.87;0;0;74652.87;0;991.63;0;0;0;0;0;0;0;2921.94;3913.57
01.964.775/0001-40;2026-04-01;1;1492831.07;25504.12;0;1467326.95;0;0;0;0;0;0;0;0;0;0;0;0;0;;0;0;0;0;0;0;0;0;0;;0;0;;0;0;0;74652.87;0;0;74652.87;0;969.29;0;0;0;0;0;0;0;2921.94;3891.23
01.964.775/0001-40;2026-05-01;1;1493853.96;10248.27;0;1483605.69;0;0;0;0;0;0;0;0;0;0;0;0;0;;0;0;0;0;0;0;0;0;0;;0;0;;0;0;0;74652.87;0;0;74652.87;0;1006.38;0;0;0;0;0;0;0;2921.94;3928.32
01.964.775/0001-40;2026-06-01;1;1501162.81;41788;0;1459374.81;0;0;0;0;0;0;0;0;0;0;0;0;0;;0;0;0;0;0;0;0;0;0;;0;0;;0;0;0;74652.87;0;0;74652.87;0;974.52;0;0;0;0;0;0;0;2921.94;3896.46
01.964.775/0001-40;2026-07-01;1;1510468.57;33359.13;0;1477109.44;0;0;0;0;0;0;0;0;0;0;0;0;0;;0;0;0;0;0;0;0;0;0;;0;0;;0;0;0;74652.87;0;0;74652.87;0;1011.74;0;0;0;0;0;0;0;2921.94;3933.68
02.508.235/0001-14;2026-01-01;1;2637026.47;5070.15;0;0;2631956.32;260000000;260000000;0;260000000;0;0;0;0;0;0;0;0;;0;0;0;0;0;0;0;0;0;;0;0;;0;0;0;1447243.68;1334960.09;0;112283.59;2718900;69286.23;0;0;0;0;0;0;0;27054.23;2815240.46
02.508.235/0001-14;2026-02-01;1;2385351.11;5158.66;0;0;2380192.45;260000000;260000000;0;260000000;0;0;0;0;0;0;0;0;;0;0;0;0;0;0;0;0;0;;0;0;;0;0;0;1436384.72;1334960.09;0;101424.63;1248300;69286.23;0;0;0;0;0;0;0;9141.34;1326727.57
02.508.235/0001-14;2026-03-01;1;2409570.26;5357.5;0;0;2404212.76;260000000;260000000;0;260000000;0;0;0;0;0;0;0;0;;0;0;0;0;0;0;0;0;0;;0;0;;0;0;0;1440699.94;1334960.09;0;105739.85;1265400;69286.23;0;0;0;0;0;0;0;9141.34;1343827.57
02.508.235/0001-14;2026-04-01;1;2414191.49;5521.36;0;0;2408670.13;260000000;260000000;0;260000000;0;0;0;0;0;0;0;0;;0;0;0;0;0;0;0;0;0;;0;0;;0;0;0;1445846.39;1334960.09;0;110886.3;1282500;69286.23;0;0;0;0;0;0;0;9520.05;1361306.28
02.508.235/0001-14;2026-05-01;1;2369789.31;5956.31;0;0;2363833;260000000;260000000;0;260000000;0;0;0;0;0;0;0;0;;0;0;0;0;0;0;0;0;0;;0;0;;0;0;0;1469162.05;1334960.09;0;134201.96;1282500;69286.23;0;0;0;0;0;0;0;9520.05;1361306.28
02.508.235/0001-14;2026-06-01;1;2358904.51;5317.06;0;0;2353587.45;260000000;260000000;0;260000000;0;0;0;0;0;0;0;0;;0;0;0;0;0;0;0;0;0;;0;0;;0;0;0;1469779.96;1334960.09;0;134819.87;1282500;69286.23;0;0;0;0;0;0;0;9520.05;1361306.28
02.508.235/0001-14;2026-07-01;1;2412655.73;5447.21;0;0;2407208.52;260000000;260000000;0;260000000;0;0;0;0;0;0;0;0;;0;0;0;0;0;0;0;0;0;;0;0;;0;0;0;1471421.19;1334960.09;0;136461.1;1316700;69286.23;0;0;0;64047.51;0;0;0;9520.05;1459553.79
03.251.720/0001-18;2026-01-01;1;14395633.32;0;12746820.14;0;1648813.18;261841000;261841000;11874693.88;213862313.98;36103992.14;0;0;0;0;0;0;0;;0;0;0;0;0;0;0;0;0;;0;0;;0;0;0;2187510.48;2140010.09;0;47500.39;0;89024.11;0;0;0;0;0;0;0;9572711.15;9661735.26
03.251.720/0001-18;2026-02-01;1;14336764.78;0;12874785.81;0;1461978.97;261841000;261841000;11874693.88;213862313.98;36103992.14;0;0;0;0;0;0;0;;0;0;0;0;0;0;0;0;0;;0;0;;0;0;0;2251602.24;2212899;0;38703.24;0;89268.58;0;0;0;0;0;0;0;9592361.25;9681629.83
03.251.720/0001-18;2026-03-01;1;14129869.63;0;12030724.15;0;2099145.48;261841000;261841000;11874693.88;213862313.98;36103992.14;0;0;0;0;0;0;0;;0;0;0;0;0;0;0;0;0;;0;0;;0;0;0;2598998.37;2561313.13;0;37685.24;0;86621.18;0;0;0;0;0;0;0;9571078.02;9657699.2
03.251.720/0001-18;2026-04-01;3;13676939.51;0;12160376.27;0;1516563.24;262253000;262253000;0;262253000;0;0;0;0;0;0;0;0;;0;0;0;0;0;0;0;0;0;;0;0;;0;0;0;6406986.89;2705188.58;0;3701798.31;0;102811.72;0;0;0;0;0;0;0;13358433.27;13461244.99
03.251.720/0001-18;2026-05-01;1;13798557.97;60;12291426.94;0;1507071.03;262253000;262253000;0;262253000;0;0;0;0;0;0;0;0;;0;0;0;0;0;0;0;0;0;;0;0;;0;0;0;3754700.02;2385994.77;0;1368705.25;0;94257.71;0;0;0;0;0;0;0;11296052.02;11390309.73
03.251.720/0001-18;2026-06-01;1;13863377;0;12429971.68;0;1433405.32;262253000;262253000;0;262253000;0;0;0;0;0;0;0;0;;0;0;0;0;0;0;0;0;0;;0;0;;0;0;0;4093974.2;2246515.88;0;1847458.32;0;95147.88;0;0;0;0;0;0;0;11344611.85;11439759.73
03.251.720/0001-18;2026-07-01;1;13946061.7;0;12583869.88;0;1362191.82;262253000;262253000;0;262253000;0;0;0;0;0;0;0;0;;0;0;0;0;0;0;0;0;0;;0;0;;0;0;0;3532866.65;2496905.48;0;1035961.17;0;94078.68;0;0;0;0;0;0;0;11006801.99;11100880.67
03.507.519/0001-59;2026-01-01;1;11284514.06;5051.02;0;0;11279463.04;616711886.95;616711886.95;0;616711886.95;0;0;0;0;0;0;0;0;;0;0;0;0;0;0;0;0;0;;0;0;;0;0;0;6601766.28;3932239.5;0;2669526.78;3621357;94769.49;0;0;0;146712.15;0;0;191735.3;329164.81;4383738.75
03.507.519/0001-59;2026-02-01;1;11609620.44;5298.63;0;0;11604321.81;616711886.95;616711886.95;0;616711886.95;0;0;0;0;0;0;0;0;;0;0;0;0;0;0;0;0;0;;0;0;;0;0;0;6474680.39;3954488.38;0;2520192.01;3624216.1;94788.65;0;0;0;146712.15;0;0;191735.3;321322.47;4378774.67
03.507.519/0001-59;2026-03-01;1;11952533.45;5823.15;0;0;11946710.3;616711886.95;616711886.95;0;616711886.95;0;0;0;0;0;0;0;0;;0;0;0;0;0;0;0;0;0;;0;0;;0;0;0;6627220.78;4098363.08;0;2528857.7;3631175;94275.84;0;0;0;146712.15;0;0;191735.3;309001.91;4372900.2
03.507.519/0001-59;2026-04-01;1;12548302.33;5597.02;0;0;12542705.31;616711886.95;616711886.95;0;616711886.95;0;0;0;0;0;0;0;0;;0;0;0;0;0;0;0;0;0;;0;0;;0;0;0;6445907.02;3939893.34;0;2506013.68;3638133.9;92364.77;0;0;0;146712.15;0;0;191735.3;296681.35;4365627.47
03.507.519/0001-59;2026-05-01;1;12296772.64;5125.48;0;0;12291647.16;616711886.95;616711886.95;0;616711886.95;0;0;0;0;0;0;0;0;;0;0;0;0;0;0;0;0;0;;0;0;;0;0;0;7049627.75;4406201.66;0;2643426.09;3645275.12;92122;0;0;0;146712.15;0;0;191735.3;284360.79;4360205.36
03.507.519/0001-59;2026-06-01;1;13397461.1;5462.62;0;0;13391998.48;616711886.95;616711886.95;0;616711886.95;0;0;0;0;0;0;0;0;;0;0;0;0;0;0;0;0;0;;0;0;;0;0;0;6638454.02;4047636.77;0;2590817.25;7732381.34;91986.34;0;0;0;146712.15;0;0;191735.3;272040.22;8434855.35
03.507.519/0001-59;2026-07-01;1;9525914.33;5843.94;0;0;9520070.39;616711886.95;616711886.95;0;616711886.95;0;0;0;0;0;0;0;0;;0;0;0;0;0;0;0;0;0;;0;0;;0;0;0;6481986.56;3992786.4;0;2489200.16;3181425.14;95935.88;0;0;0;146712.15;0;0;191735.3;264197.88;3880006.35
03.683.056/0001-86;2026-01-01;1;635038.09;4868.7;0;0;630169.39;816830545.96;804636754.71;0;804636754.71;0;0;0;0;0;0;0;0;;0;0;12193791.25;0;0;0;0;0;0;;0;0;;0;0;0;12839382.62;5391318.16;0;7448064.46;4343635.92;289089.24;0;88916485.57;0;125647.18;0;0;0;669308.38;94344166.29
03.683.056/0001-86;2026-02-01;1;1941360.36;5941.01;0;0;1935419.35;814146669.06;804750533.86;0;804750533.86;0;0;0;0;0;0;0;0;;0;0;9396135.2;0;0;0;0;0;0;;0;0;;0;0;0;13331982.35;5683861;0;7648121.35;4346590.88;286799.13;0;87876303.54;0;363437.06;0;0;0;837959.34;93711089.95
03.683.056/0001-86;2026-03-01;1;1730923.26;5035.56;0;0;1725887.7;813699401.06;805127542.5;0;805127542.5;0;0;0;0;0;0;0;0;;0;0;8571858.56;0;0;0;0;0;0;;0;0;;0;0;0;12904788.68;5593162.02;0;7311626.66;4351435.84;288945.29;0;87029597.6;0;361525.78;0;0;0;731041.27;92762545.78
03.683.056/0001-86;2026-04-01;1;1537675.34;5531.16;0;0;1532144.18;812752921.48;805171219.2;0;805171219.2;0;0;0;0;0;0;0;0;;0;0;7581702.28;0;0;0;0;0;0;;0;0;;0;0;0;12973926.26;5492826.25;0;7481100.01;4356280.8;307431.6;0;86359995.62;0;89956.61;0;0;0;638333.86;91751998.49
03.683.056/0001-86;2026-05-01;1;939579.57;5832.12;0;0;933747.45;811716446.56;805307218.66;0;805307218.66;0;0;0;0;0;0;0;0;;0;0;6409227.9;0;0;0;0;0;0;;0;0;;0;0;0;13283446.03;5527001.22;0;7756444.81;4361125.76;286745.9;0;85803117.41;0;53682.58;0;0;0;634553.28;91139224.93
03.683.056/0001-86;2026-06-01;1;1839726.21;5658.64;0;0;1834067.57;775785677.36;771300000;0;771300000;0;0;0;0;0;0;0;0;;0;0;4485677.36;0;0;0;0;0;0;;0;0;;0;0;0;13772912.67;5552101.35;0;8220811.32;4402877.67;298055.4;0;85026578.83;0;1003206.57;0;0;0;629377.41;91360095.88
03.683.056/0001-86;2026-07-01;1;39946837.48;5602.94;0;0;39941234.54;705271006.74;700736646.7;0;700736646.7;0;0;0;0;0;0;0;0;;0;0;4534360.04;0;0;0;0;0;0;;0;0;;0;0;0;52023146.85;5415806.21;38500000;8107340.64;5219720.81;293881.89;0;84135928.86;0;1412737.79;0;0;0;629553.95;91691823.3
03.855.441/0001-63;2026-01-01;1;138467012.57;5344.69;0;0;138461667.88;0;0;0;0;0;0;0;0;0;0;0;0;;0;0;0;0;0;0;0;0;0;;0;0;;0;0;0;363416155.73;352296334.34;0;11119821.39;0;163419.26;0;0;0;0;340629741.14;0;0;27126144.74;367919305.14
03.855.441/0001-63;2026-02-01;1;139634373.68;5774.45;0;0;139628599.23;0;0;0;0;0;0;0;0;0;0;0;0;;0;0;0;0;0;0;0;0;0;;0;0;;0;0;0;367150562.34;356029859.19;0;11120703.15;0;184306.99;0;0;0;0;343657897.1;0;0;27111555.78;370953759.87
03.855.441/0001-63;2026-03-01;1;141085367.61;5934.52;0;0;141079433.09;0;0;0;0;0;0;0;0;0;0;0;0;;0;0;0;0;0;0;0;0;0;;0;0;;0;0;0;372342390.79;323181293.43;0;49161097.36;0;184306.99;0;0;0;0;348440748.96;0;0;27116913.28;375741969.23
03.855.441/0001-63;2026-04-01;1;142396428.97;6509.5;0;0;142389919.47;0;0;0;0;0;0;0;0;0;0;0;0;;0;0;0;0;0;0;0;0;0;;0;0;;0;0;0;378214894.23;329052032.71;0;49162861.52;0;184306.99;0;0;0;0;353132163.88;0;0;27122270.78;380438741.65
03.855.441/0001-63;2026-05-01;1;142217467.09;5393.35;0;0;142212073.74;0;0;0;0;0;0;0;0;0;0;0;0;;0;0;0;0;0;0;0;0;0;;0;0;;0;0;0;384860872.56;334293756.29;0;50567116.27;0;184306.99;0;0;0;0;357006300.35;0;0;27127628.28;384318235.62
03.855.441/0001-63;2026-06-01;1;143598985.08;6083.03;0;0;143592902.05;0;0;0;0;0;0;0;0;0;0;0;0;;0;0;0;0;0;0;0;0;0;;0;0;;0;0;0;389809422.76;339243560.7;0;50565862.06;7210533.05;184306.99;0;0;0;0;360702604.43;0;0;27132985.78;395230430.25
03.855.441/0001-63;2026-07-01;1;137842840.12;6541.07;0;0;137836299.05;0;0;0;0;0;0;0;0;0;0;0;0;;0;0;0;0;0;0;0;0;0;;0;0;;0;0;0;393331529.2;342750074.34;0;50581454.86;0;184306.99;0;0;0;0;362854343.31;0;0;27138343.28;390176993.58
04.066.582/0001-60;2026-01-01;1;1401519.24;198.5;0;0;1401320.74;788.07;0;0;0;0;0;0;0;0;0;0;0;;0;0;788.07;0;0;0;0;0;0;;0;0;;0;0;0;55014946.84;482794.07;0;54532152.77;0;27084.19;0;0;0;0;0;0;0;1148029.31;1175113.5
04.066.582/0001-60;2026-02-01;1;1270832.31;198.5;0;0;1270633.81;55047646.45;54530000;0;54530000;0;0;0;0;0;0;0;0;;0;0;517646.45;0;0;0;0;0;0;;0;0;;0;0;0;482794.07;482794.07;0;0;0;23010.54;0;0;0;0;0;0;0;551545.09;574555.63
04.066.582/0001-60;2026-03-01;1;1272974.81;198.5;0;0;1272776.31;54891394.7;54530000;0;54530000;0;0;0;0;0;0;0;0;;0;0;361394.7;0;0;0;0;0;0;;0;0;;0;0;0;1683447.96;1683447.96;0;0;0;23856.68;0;0;0;0;0;0;0;555940.33;579797.01
04.066.582/0001-60;2026-04-01;1;1655184.18;0;0;0;1655184.18;54530000;54530000;0;54530000;0;0;0;0;0;0;0;0;;0;0;0;0;0;0;0;0;0;;0;0;;0;0;0;1711102.76;1711102.76;0;0;0;10062.39;0;0;0;0;0;0;0;571672.4;581734.79
04.066.582/0001-60;2026-05-01;1;1664680.73;88.33;0;0;1664592.4;54530000;54530000;0;54530000;0;0;0;0;0;0;0;0;;0;0;0;0;0;0;0;0;0;;0;0;;0;0;0;1766412.35;1766412.35;0;0;0;24265.06;0;0;0;0;0;0;0;580659.19;604924.25
04.066.582/0001-60;2026-06-01;1;1672944.38;0;0;0;1672944.38;54530000;54530000;0;54530000;0;0;0;0;0;0;0;0;;0;0;0;0;0;0;0;0;0;;0;0;;0;0;0;1572828.79;1572828.79;0;0;0;24459.04;0;0;0;0;0;0;0;587601.68;612060.72
04.066.582/0001-60;2026-07-01;1;1661628.92;0;0;0;1661628.92;54530000;54530000;0;54530000;0;0;0;0;0;0;0;0;;0;0;0;0;0;0;0;0;0;;0;0;;0;0;0;10037526.22;579585.85;0;9457940.37;0;24977.43;0;0;0;0;0;0;0;293006.2;317983.63
04.141.645/0001-03;2026-01-01;1;3403760.32;1027.37;0;0;3402732.95;345252169.29;345252169.29;0;345252169.29;0;0;0;0;0;0;0;0;;0;0;0;0;0;0;0;0;0;;0;0;;0;0;0;1696164.54;1626874.98;0;69289.56;2772448.47;45001.66;0;0;0;0;0;0;0;2067223.25;4884673.38
04.141.645/0001-03;2026-02-01;1;3100636.4;47227.52;0;0;3053408.88;345313575.73;345313575.73;0;345313575.73;0;0;0;0;0;0;0;0;;0;0;0;0;0;0;0;0;0;;0;0;;0;0;0;2026256.59;1781945.7;0;244310.89;2646862.09;33126.39;0;0;0;0;0;0;0;2048586.45;4728574.93
04.141.645/0001-03;2026-03-01;1;3223714.96;941.4;0;0;3222773.56;345344174.73;345344174.73;0;345344174.73;0;0;0;0;0;0;0;0;;0;0;0;0;0;0;0;0;0;;0;0;;0;0;0;2427381.83;2180227.25;0;247154.58;2962533.61;54288.15;0;0;0;0;0;0;0;1887167.85;4903989.61
04.141.645/0001-03;2026-04-01;1;3688061.57;895.79;0;0;3687165.78;345346414.73;345346414.73;0;345346414.73;0;0;0;0;0;0;0;0;;0;0;0;0;0;0;0;0;0;;0;0;;0;0;0;2149970.04;1898673.21;0;251296.83;3421910.86;41079.78;0;0;0;0;0;0;0;1880981.63;5343972.27
04.141.645/0001-03;2026-05-01;1;3428025.45;54414.68;0;0;3373610.77;345377774.18;345377774.18;0;345377774.18;0;0;0;0;0;0;0;0;;0;0;0;0;0;0;0;0;0;;0;0;;0;0;0;2169511.37;2078548.82;0;90962.55;3015421.72;36191.18;0;0;0;0;0;0;0;1767664.74;4819277.64
04.141.645/0001-03;2026-06-01;1;3731693.07;8517.48;0;0;3723175.59;345502454.06;345502454.06;0;345502454.06;0;0;0;0;0;0;0;0;;0;0;0;0;0;0;0;0;0;;0;0;;0;0;0;1867987.82;1831650.89;0;36336.93;3313954.61;39880.62;0;0;0;0;0;0;0;1888038.7;5241873.93
04.141.645/0001-03;2026-07-01;1;3463609.4;2212.89;0;0;3461396.51;345571319.97;345571319.97;0;345571319.97;0;0;0;0;0;0;0;0;;0;0;0;0;0;0;0;0;0;;0;0;;0;0;0;1810696.75;1770156.32;0;40540.43;3033499.42;36050.74;0;0;0;0;0;0;0;1882191.23;4951741.39
04.644.612/0001-78;2026-01-01;1;104779.78;1225.03;103554.75;0;0;28093370;28093370;0;28093370;0;0;0;0;0;0;0;0;;0;0;0;0;0;0;0;0;0;;0;0;;0;0;0;0;0;0;0;0;17774.62;0;0;0;0;0;0;0;12456.55;30231.17
04.644.612/0001-78;2026-02-01;1;574263.16;776.91;573486.25;0;0;28093370;28093370;0;28093370;0;0;0;0;0;0;0;0;;0;0;0;0;0;0;0;0;0;;0;0;;0;0;0;0;0;0;0;0;17774.62;0;0;0;0;0;0;0;12469.71;30244.33
04.644.612/0001-78;2026-03-01;1;548647.79;6942.51;541705.28;0;0;28093370;28093370;0;28093370;0;0;0;0;0;0;0;0;;0;0;0;0;0;0;0;0;0;;0;0;;0;0;0;0;0;0;0;0;17774.62;0;0;0;0;0;0;0;12495.35;30269.97
04.644.612/0001-78;2026-04-01;1;521855.41;11971.92;509883.49;0;0;28093370;28093370;0;28093370;0;0;0;0;0;0;0;0;;0;0;0;0;0;0;0;0;0;;0;0;;0;0;0;0;0;0;0;0;17774.62;0;0;0;0;0;0;0;12483.81;30258.43
04.644.612/0001-78;2026-05-01;1;485416.49;1022.45;484394.04;0;0;28093370;28093370;0;28093370;0;0;0;0;0;0;0;0;;0;0;0;0;0;0;0;0;0;;0;0;;0;0;0;0;0;0;0;0;17774.62;0;0;0;0;0;0;0;4038.23;21812.85
04.644.612/0001-78;2026-06-01;1;458109.97;787.76;457322.21;0;0;28093370;28093370;0;28093370;0;0;0;0;0;0;0;0;;0;0;0;0;0;0;0;0;0;;0;0;;0;0;0;0;0;0;0;0;18121.25;0;0;0;0;0;0;0;5442.18;23563.43
04.644.612/0001-78;2026-07-01;1;430619.42;670.73;429948.69;0;0;28093370;28093370;0;28093370;0;0;0;0;0;0;0;0;;0;0;0;0;0;0;0;0;0;;0;0;;0;0;0;0;0;0;0;0;18121.25;0;0;0;0;0;0;0;6796.6;24917.85
04.722.883/0001-02;2026-01-01;1;20987371.03;98.5;0;1633031.53;19354241;641310000;641310000;0;641310000;0;0;0;0;0;0;0;0;;0;0;0;0;0;0;0;0;0;;0;0;;0;0;0;13128939.35;11421758.26;0;1707181.09;0;91293.9;0;0;0;0;0;0;0;28575238.38;28666532.28
04.722.883/0001-02;2026-02-01;1;12906971.97;198.5;0;1056412.24;11850361.23;641310000;641310000;0;641310000;0;0;0;0;0;0;0;0;;0;0;0;0;0;0;0;0;0;;0;0;;0;0;0;13413304.9;11745360.33;0;1667944.57;0;92034.74;0;0;0;0;0;0;0;17498793.55;17590828.29
04.722.883/0001-02;2026-03-01;1;15213546.37;117.8;0;1068903.19;14144525.38;641874664.48;641874664.48;0;641874664.48;0;0;0;0;0;0;0;0;;0;0;0;0;0;0;0;0;0;;0;0;;0;0;0;12580036.22;11436805.97;0;1143230.25;0;92164.1;0;0;0;0;0;0;0;17477921.11;17570085.21
04.722.883/0001-02;2026-04-01;2;12628261.68;198.5;0;1080271.57;11547791.61;641310000;641310000;0;641310000;0;0;0;0;0;0;0;0;;0;0;0;0;0;0;0;0;0;;0;0;;0;0;0;12186434.01;11085498.26;0;1100935.75;0;92790.49;0;0;0;0;0;0;0;11486676;11579466.49
04.722.883/0001-02;2026-05-01;1;11112858.69;98.05;0;1564434.87;9548325.77;641310000;641310000;0;641310000;0;0;0;0;0;0;0;0;;0;0;0;0;0;0;0;0;0;;0;0;;0;0;0;5316928.84;4229808.9;0;1087119.94;0;94390.38;0;0;0;0;0;0;0;6357893.68;6452284.06
04.722.883/0001-02;2026-06-01;1;14763526.14;213.82;0;1581627.74;13181684.58;641310000;641310000;0;641310000;0;0;0;0;0;0;0;0;;0;0;0;0;0;0;0;0;0;;0;0;;0;0;0;5408989.37;4328150.1;0;1080839.27;0;94442.42;0;0;0;0;0;0;0;7422666.66;7517109.08
04.722.883/0001-02;2026-07-01;1;15957471.38;60.91;0;1427612.3;14529798.17;641310000;641310000;0;641310000;0;0;0;0;0;0;0;0;;0;0;0;0;0;0;0;0;0;;0;0;;0;0;0;5052775.86;3977181.26;0;1075594.6;0;94930.94;0;0;0;0;0;0;0;4393087.28;4488018.22
05.437.916/0001-27;2026-01-01;1;2572782.18;8105.32;1415720.68;0;1148956.18;150955000;150955000;83928700;67026300;0;0;0;0;0;0;0;0;;0;0;0;0;0;0;0;0;0;;0;0;;0;0;0;3255335.65;1098398.71;0;2156936.94;798586.88;62890.81;0;0;0;0;0;0;0;3270422.61;4131900.3
05.437.916/0001-27;2026-02-01;1;5607442.38;29138.23;1759470.92;0;3818833.23;150955000;150955000;83928700;67026300;0;0;0;0;0;0;0;0;;0;0;0;0;0;0;0;0;0;;0;0;;0;0;0;3304997.11;1098398.71;0;2206598.4;959840;62890.81;0;0;0;0;0;0;0;6107068.55;7129799.36
05.437.916/0001-27;2026-03-01;1;11232064.85;47211.93;1783536.64;0;9401316.28;150955000;150955000;83928700;67026300;0;0;0;0;0;0;0;0;;0;0;0;0;0;0;0;0;0;;0;0;;0;0;0;3443344.43;1098398.71;0;2344945.72;1004213.35;62890.91;0;0;0;0;0;0;0;3204337.86;4271442.12
05.437.916/0001-27;2026-04-01;1;11132158.69;4644.77;1939259.38;0;9188254.54;151301000;151301000;83928700;67372300;0;0;0;0;0;0;0;0;;0;0;0;0;0;0;0;0;0;;0;0;;0;0;0;3610187.27;1098398.71;0;2511788.56;1004213.35;62890.81;0;0;0;0;0;0;0;3517904.82;4585008.98
05.437.916/0001-27;2026-05-01;1;10909501.65;6759.49;1805551.42;0;9097190.74;151311327.24;151311327.24;83928700;67382627.24;0;0;0;0;0;0;0;0;;0;0;0;0;0;0;0;0;0;;0;0;;0;0;0;3754325.05;1098398.71;0;2655926.34;1004213.35;62890.81;0;0;0;0;0;0;0;3367224.53;4434328.69
05.437.916/0001-27;2026-06-01;1;10554412.6;10595.59;1460144.95;0;9083672.06;151344127.71;151344127.71;83928700;67415427.71;0;0;0;0;0;0;0;0;;0;0;0;0;0;0;0;0;0;;0;0;;0;0;0;4051947.86;1380695.35;0;2671252.51;1004213.35;64117.27;0;0;0;0;0;0;0;3242463.29;4310793.91
05.437.916/0001-27;2026-07-01;1;9560310;14336.03;1225349.71;0;8320624.26;152179803.48;152179803.48;83928700;68251103.48;0;0;0;0;0;0;0;0;;0;0;0;0;0;0;0;0;0;;0;0;;0;0;0;4130485.44;1464444.19;0;2666041.25;778777.7;64117.27;0;0;0;0;0;0;0;3132640.26;3975535.23
05.562.312/0001-02;2026-01-01;1;6699154.11;1827011.72;0;0;4872142.39;118947000;118947000;0;118947000;0;0;0;0;0;0;0;0;;0;0;0;0;0;0;0;0;0;;0;0;;0;0;0;46432714.34;1678167.43;0;44754546.91;0;35000;0;0;0;0;0;0;0;50451593.01;50486593.01
05.562.312/0001-02;2026-02-01;1;6726856.1;3300.14;0;0;6723555.96;118947000;118947000;0;118947000;0;0;0;0;0;0;0;0;;0;0;0;0;0;0;0;0;0;;0;0;;0;0;0;45379392.77;720529.07;0;44658863.7;0;35000;0;0;0;0;0;0;0;50400641.18;50435641.18
05.562.312/0001-02;2026-03-01;1;6837804.94;3318.28;0;0;6834486.66;118947000;118947000;0;118947000;0;0;0;0;0;0;0;0;;0;0;0;0;0;0;0;0;0;;0;0;;0;0;0;45420566.39;666019.48;0;44754546.91;0;35000;0;0;0;0;0;0;0;50360235.05;50395235.05
05.562.312/0001-02;2026-04-01;1;6919882.06;498750.92;0;0;6421131.14;118947000;118947000;0;118947000;0;0;0;0;0;0;0;0;;0;0;0;0;0;0;0;0;0;;0;0;;0;0;0;44970421.92;666019.48;0;44304402.44;0;35000;0;0;0;0;0;0;0;49960506.73;49995506.73
05.562.312/0001-02;2026-05-01;1;252932.19;3300.15;0;0;249632.04;118947000;118947000;0;118947000;0;0;0;0;0;0;0;0;;0;0;0;0;0;0;0;0;0;;0;0;;0;0;0;720529.07;720529.07;0;0;0;35000;0;0;0;0;0;0;0;703422.68;738422.68
05.562.312/0001-02;2026-06-01;1;194633.56;3300.16;0;0;191333.4;118947000;118947000;0;118947000;0;0;0;0;0;0;0;0;;0;0;0;0;0;0;0;0;0;;0;0;;0;0;0;720529.07;720529.07;0;0;0;35000;0;0;0;0;0;0;0;705741.22;740741.22
05.562.312/0001-02;2026-07-01;1;23016.87;3300.16;0;0;19716.71;118947000;118947000;0;118947000;0;0;0;0;0;0;0;0;;0;0;0;0;0;0;0;0;0;;0;0;;0;0;0;720529.07;720529.07;0;0;0;35000;0;0;0;0;0;0;0;688549.19;723549.19
06.175.262/0001-73;2026-01-01;1;757346.17;1057.02;0;0;756289.15;49700000;49700000;0;49700000;0;0;0;0;0;0;0;0;;0;0;0;0;0;0;0;0;0;;0;0;;0;0;0;488523.94;488523.64;0;0.3;211916.2;12665.54;0;0;0;0;0;0;0;103267.58;327849.32
06.175.262/0001-73;2026-02-01;1;7105531.79;4282595.95;0;0;2822935.84;49700000;49700000;0;49700000;0;0;0;0;0;0;0;0;;0;0;0;0;0;0;0;0;0;;0;0;;0;0;0;549457.74;542068.89;0;7388.85;220284.53;11046.55;0;0;0;0;0;0;0;98561.89;329892.97
06.175.262/0001-73;2026-03-01;1;7070975.52;1624.41;0;0;7069351.11;49700000;49700000;0;49700000;0;0;0;0;0;0;0;0;;0;0;0;0;0;0;0;0;0;;0;0;;0;0;0;601963.38;595614.14;0;6349.24;215426.28;14965.73;0;0;0;0;0;0;0;101280.43;331672.44
06.175.262/0001-73;2026-04-01;1;7068827.46;1449.75;0;0;7067377.71;49700000;49700000;0;49700000;0;0;0;0;0;0;0;0;;0;0;0;0;0;0;0;0;0;;0;0;;0;0;0;655658.58;649723.51;0;5935.07;227349.99;13614.36;0;0;0;0;0;0;0;85448.61;326412.96
06.175.262/0001-73;2026-05-01;1;7079812.21;1282.2;0;0;7078530.01;49700000;49700000;0;49700000;0;0;0;0;0;0;0;0;;0;0;0;0;0;0;0;0;0;;0;0;;0;0;0;451886.51;435542.51;0;16344;233725.5;13624.08;0;0;0;0;0;0;0;84529.84;331879.42
06.175.262/0001-73;2026-06-01;1;7103303.44;1231.31;0;0;7102072.13;49700000;49700000;0;49700000;0;0;0;0;0;0;0;0;;0;0;0;0;0;0;0;0;0;;0;0;;0;0;0;449834.48;435542.51;0;14291.97;247755;14252.25;0;0;0;0;0;0;0;95156.17;357163.42
06.175.262/0001-73;2026-07-01;1;7119174.35;1262.97;0;0;7117911.38;49700000;49700000;0;49700000;0;0;0;0;0;0;0;0;;0;0;0;0;0;0;0;0;0;;0;0;;0;0;0;348381.05;336896.08;0;11484.97;255665.25;15597.92;0;0;0;0;0;0;0;85175.31;356438.48
07.000.400/0001-46;2026-01-01;1;17284908.6;2987.31;0;0;17281921.29;0;0;0;0;0;0;0;0;0;0;0;0;;0;0;0;0;0;0;0;0;0;;0;0;;0;0;0;15592.76;0;0;15592.76;1183506.67;1645095.98;0;0;0;0;0;0;0;10063224.02;12891826.67
07.122.725/0001-00;2026-01-01;1;9763403.9;196.2;0;0;9763207.7;216983610.37;216982000;0;216982000;0;0;0;0;0;0;0;0;;0;0;1610.37;0;0;0;0;0;0;;0;0;;0;0;0;6643225.71;849463.71;0;5793762;0;108206.17;0;0;0;0;0;0;0;3983648.78;4091854.95
07.122.725/0001-00;2026-02-01;1;2744168.94;196.2;0;0;2743972.74;224148950.56;216982000;0;216982000;0;0;0;0;0;0;0;0;;0;0;7166950.56;0;0;0;0;0;0;;0;0;;0;0;0;773458.03;773458.03;0;0;0;108206.17;0;0;0;0;0;0;0;4351361.18;4459567.35
07.122.725/0001-00;2026-03-01;1;2775747.71;198.1;0;0;2775549.61;224395948.32;217836000;0;217836000;0;0;0;0;0;0;0;0;;0;0;6559948.32;0;0;0;0;0;0;;0;0;;0;0;0;1038170.98;775436.53;0;262734.45;0;108206.17;0;0;0;0;0;0;0;4392925.18;4501131.35
07.122.725/0001-00;2026-04-01;1;9671847.61;0;0;0;9671847.61;217836000;217836000;0;217836000;0;0;0;0;0;0;0;0;;0;0;0;0;0;0;0;0;0;;0;0;;0;0;0;5082882.04;5082882.04;0;0;0;100120.39;0;0;0;0;0;0;0;4750272.9;4850393.29
07.122.725/0001-00;2026-05-01;1;193.5;193.5;0;0;0;227526455.05;217836000;0;217836000;0;0;0;0;0;0;0;0;;0;0;9690455.05;0;0;0;0;0;0;;0;0;;0;0;0;4959471.08;4929113.12;0;30357.96;0;108206.17;0;0;0;0;0;0;0;5110609.95;5218816.12
07.122.725/0001-00;2026-06-01;1;9878071.97;2088.57;0;0;9875983.4;217836000;217836000;0;217836000;0;0;0;0;0;0;0;0;;0;0;0;0;0;0;0;0;0;;0;0;;0;0;0;5506076.81;5475718.85;0;30357.96;0;108206.17;0;0;0;0;0;0;0;5313335.05;5421541.22
07.122.725/0001-00;2026-07-01;2;11063564.98;1006232.47;0;0;10057332.51;217836000;217836000;0;217836000;0;0;0;0;0;0;0;0;;0;0;0;0;0;0;0;0;0;;0;0;;0;0;0;5487579.64;1357432.54;0;4130147.1;255904.83;108206.17;0;0;0;0;0;0;0;1692337.12;2056448.12
07.224.019/0001-60;2026-01-01;1;113637110.47;194;0;0;113636916.47;725883483.01;725883483.01;7486953;718396530.01;0;0;0;0;0;0;0;0;;0;0;0;0;0;0;0;0;0;;0;0;;0;0;0;504398798.79;24195747.04;425081760.75;55121291;0;160547.85;0;0;843621.63;0;0;0;2367039.13;72738123.87;76109332.48
07.224.019/0001-60;2026-02-01;1;185014059.27;200;0;0;185013859.27;870689591.61;870689591.61;9471489.88;861218101.73;0;0;0;0;0;0;0;0;;0;0;0;0;0;0;0;0;0;;0;0;;0;0;0;410544171.67;23156200.14;339446855.81;47941115.72;0;156266.37;0;0;843621.63;0;0;0;2367039.13;46698679.49;50065606.62
07.224.019/0001-60;2026-03-01;1;97988060.31;198.5;0;0;97987861.81;865426609.86;865426609.86;9471489.88;855955119.98;0;0;0;0;0;0;0;0;;0;0;0;0;0;0;0;0;0;;0;0;;0;0;0;326305618.48;20125590.18;253212506.53;52967521.77;0;156266.37;0;0;845537.83;0;0;0;1335159.42;53132591.1;55469554.72
07.224.019/0001-60;2026-04-01;1;95522615.82;-1.5;0;0;95522617.32;865623546.96;865623546.96;9471489.88;856152057.08;0;0;0;0;0;0;0;0;;0;0;0;0;0;0;0;0;0;;0;0;;0;0;0;244004145.94;20178211.08;170145000;53680934.86;0;156266.37;0;0;845537.83;0;0;0;1335159.42;50664212.75;53001176.37
07.224.019/0001-60;2026-05-01;1;53383150.79;191;0;0;53382959.79;866863127.78;866863127.78;9471489.88;857391637.9;0;0;0;0;0;0;0;0;;0;0;0;0;0;0;0;0;0;;0;0;;0;0;0;185999393.27;11027534.71;125994442.56;48977416;0;156266.37;0;0;845537.83;0;0;0;1335159.42;51674009.31;54010972.93
07.224.019/0001-60;2026-06-01;1;97091393.62;206.52;0;0;97091187.1;867979218.28;867979218.28;9471489.88;858507728.4;0;0;0;0;0;0;0;0;;0;0;0;0;0;0;0;0;0;;0;0;;0;0;0;59444251.95;10956415.63;0;48487836.32;0;156266.37;0;0;845537.83;0;0;0;1165004.29;50296230.73;52463039.22
07.224.019/0001-60;2026-07-01;1;12369758.72;198.5;0;0;12369560.22;869821441.29;869821441.29;9471489.88;860349951.41;0;0;0;0;0;0;0;0;;0;0;0;0;0;0;0;0;0;;0;0;;0;0;0;60632739.46;12186992.62;0;48445746.84;0;156266.37;0;0;845537.83;0;0;0;1165004.29;50780666.3;52947474.79
07.583.627/0001-61;2026-01-01;1;17329197.77;147.46;0;0;17329050.31;5020100000;5020100000;0;5020100000;0;0;0;0;0;0;0;0;;0;0;0;0;0;0;0;0;0;;0;0;;0;0;0;51167515.96;29992632.29;0;21174883.67;52521498.65;275236.7;0;0;0;0;0;0;0;26927088.9;79723824.25
07.583.627/0001-61;2026-02-01;1;20468299.57;4403.25;0;0;20463896.32;5020104073.64;5020104073.64;0;5020104073.64;0;0;0;0;0;0;0;0;;0;0;0;0;0;0;0;0;0;;0;0;;0;0;0;32811022.8;30452623.46;123320.65;2235078.69;0;259000;0;0;0;0;0;0;0;26303393.04;26562393.04
07.583.627/0001-61;2026-03-01;1;25753403.02;200;0;0;25753203.02;5020174329;5020174329;0;5020174329;0;0;0;0;0;0;0;0;;0;0;0;0;0;0;0;0;0;;0;0;;0;0;0;35114053.68;32713154.34;123320.65;2277578.69;0;259000;0;0;0;0;0;0;0;23663171.4;23922171.4
07.583.627/0001-61;2026-04-01;1;23154158.97;124.93;0;0;23154034.04;5022724427.06;5022724427.06;0;5022724427.06;0;0;0;0;0;0;0;0;;0;0;0;0;0;0;0;0;0;;0;0;;0;0;0;35242011.93;32840594.59;123320.65;2278096.69;0;259000;0;0;0;0;0;0;0;23869778.74;24128778.74
07.583.627/0001-61;2026-05-01;1;23606530.47;117.03;0;0;23606413.44;5023135687.82;5023135687.82;0;5023135687.82;0;0;0;0;0;0;0;0;;0;0;0;0;0;0;0;0;0;;0;0;;0;0;0;34323769.05;32678704.38;123320.65;1521744.02;0;160333.33;0;0;0;0;0;0;0;23567790.82;23728124.15
07.583.627/0001-61;2026-06-01;1;21492864.87;117.03;0;0;21492747.84;5026816207.64;5026816207.64;0;5026816207.64;0;0;0;0;0;0;0;0;;0;0;0;0;0;0;0;0;0;;0;0;;0;0;0;35036564.17;32679188.4;123320.65;2234055.12;0;259000;0;0;0;0;0;0;0;23361557.57;23620557.57
07.583.627/0001-61;2026-07-01;1;21258975.35;117.03;0;0;21258858.32;5040575913.32;5040575913.32;0;5040575913.32;0;0;0;0;0;0;0;0;;0;0;0;0;0;0;0;0;0;;0;0;;0;0;0;34838498.42;32692961.22;123320.65;2022216.55;0;259000;0;0;0;0;0;0;0;24192002.54;24451002.54
07.789.135/0001-27;2026-01-01;2;81845535.18;2000;0;0;81843535.18;4369196664.5;2959414801.74;0;2959414801.74;0;0;0;0;4824829.9;0;0;0;;0;0;315754580.03;0;0;0;668392644.83;0;0;;420809808;0;;0;0;0;56895541.45;21830250.7;0;35065290.75;0;102609.77;0;222978649.35;0;0;0;0;0;99818699.49;322899958.61
07.789.135/0001-27;2026-02-01;1;28755533.9;2000;0;0;28753533.9;4369835541.63;2959414801.74;0;2959414801.74;0;0;0;0;4824829.9;0;0;0;;0;0;315754580.03;0;0;0;668392644.83;0;0;;421448685.13;0;;0;0;0;56895541.45;21830250.7;0;35065290.75;0;102609.77;0;222978649.35;0;0;0;0;0;99818699.49;322899958.61
07.789.135/0001-27;2026-03-01;2;45612320.55;1683476.52;0;0;43928844.03;4626249606.09;2963519572.45;0;2963519572.45;0;0;0;0;4829244.2;0;0;0;;0;0;316856366.35;0;0;0;919491439.64;0;0;;421552983.45;0;;0;0;0;81196092.93;19560481.3;0;61635611.63;0;103812.04;0;279232072.72;0;0;0;0;0;301160476.07;580496360.83
07.789.135/0001-27;2026-04-01;2;61450591.28;1501000;0;0;59949591.28;4998512850.74;3900649014.14;0;3900649014.14;0;0;0;0;0;0;0;0;;0;0;297882708.43;0;0;0;378500083.14;0;0;;421481045.03;0;;0;0;0;100671491.01;27241852.78;0;73429638.23;0;103834.12;0;330706512.43;0;0;0;0;0;543084766.23;873895112.78
07.789.135/0001-27;2026-05-01;2;85018923.34;2088092.56;0;0;82930830.78;5020986054.72;3903464997.68;0;3903464997.68;0;0;0;0;0;0;0;0;;0;0;317508741.89;0;0;0;378500083.14;0;0;;421512232.01;0;;0;0;0;93743371.57;27700562.87;0;66042808.7;0;107178.45;0;329061054.37;0;0;0;0;0;562803501.79;891971734.61
07.789.135/0001-27;2026-06-01;2;111107062.01;2162497.27;0;0;108944564.74;5030964295.28;3910893219.33;0;3910893219.33;0;0;0;0;0;0;0;0;;0;0;320061589.74;0;0;0;378500083.14;0;0;;421509403.07;0;;0;0;0;89598302.81;27579955.69;0;62018347.12;0;107889.71;0;37771335.52;0;0;0;0;0;880581135.31;918460360.54
07.789.135/0001-27;2026-07-01;1;111107062.01;2162497.27;0;0;108944564.74;5030964295.28;3910893219.33;0;3910893219.33;0;0;0;0;0;0;0;0;;0;0;320061589.74;0;0;0;378500083.14;0;0;;421509403.07;0;;0;0;0;89598302.81;27579955.69;0;62018347.12;0;107889.71;0;37771335.52;0;0;0;0;0;880581135.31;918460360.54
08.014.513/0001-63;2026-01-01;1;7723153.77;0;0;0;7723153.77;215110000;215110000;0;215110000;0;0;0;0;0;0;0;0;;0;0;0;0;0;0;0;0;0;;0;0;;0;0;0;2490259.06;2441934.85;0;48324.21;0;81599.7;0;0;0;0;0;0;0;312410.05;394009.75
08.014.513/0001-63;2026-02-01;1;138974.36;0;0;0;138974.36;247680259.65;215110000;0;215110000;0;0;0;0;0;0;0;0;;0;0;32570259.65;0;0;0;0;0;0;;0;0;;0;0;0;2482063.69;2441934.85;0;40128.84;2220657.32;81503.7;0;0;0;0;0;0;0;418360.65;2720521.67
08.014.513/0001-63;2026-03-01;1;182652.71;47831.36;0;0;134821.35;227567538.42;215110000;0;215110000;0;0;0;0;0;0;0;0;;0;0;12457538.42;0;0;0;0;0;0;;0;0;;0;0;0;2482736.98;2441934.85;0;40802.13;4844605.38;639240.36;0;0;0;0;0;0;0;363840.68;5847686.42
08.014.513/0001-63;2026-04-01;1;8675082.92;0;0;0;8675082.92;215110000;215110000;0;215110000;0;0;0;0;0;0;0;0;;0;0;0;0;0;0;0;0;0;;0;0;;0;0;0;20991511.5;20950709.37;0;40802.13;0;70826.31;0;0;0;0;0;0;0;21839099.82;21909926.13
08.014.513/0001-63;2026-05-01;1;8394155.87;0;0;0;8394155.87;215110000;215110000;0;215110000;0;0;0;0;0;0;0;0;;0;0;0;0;0;0;0;0;0;;0;0;;0;0;0;2512421.65;2441934.85;0;70486.8;0;82075.26;0;0;0;0;0;0;0;2305528.14;2387603.4
08.014.513/0001-63;2026-06-01;1;11528797.75;119.07;0;0;11528678.68;215110000;215110000;0;215110000;0;0;0;0;0;0;0;0;;0;0;0;0;0;0;0;0;0;;0;0;;0;0;0;2532615.03;2462128.23;0;70486.8;0;82033.66;0;0;0;0;0;0;0;2314929.3;2396962.96
08.014.513/0001-63;2026-07-01;1;11571422.98;115.39;0;0;11571307.59;215110000;215110000;0;215110000;0;0;0;0;0;0;0;0;;0;0;0;0;0;0;0;0;0;;0;0;;0;0;0;106948756.47;3653537.89;0;103295218.58;0;143256.54;0;0;0;0;0;0;0;6008773.23;6152029.77
08.098.114/0001-28;2026-01-01;1;31452820.68;20752.92;;;31432067.76;699198161.94;699163030.67;;699163030.67;;;;;;;;;;;;;;;;35131.27;;;;;;;;;;58316840.42;5916840.42;52400000;;7563915.4;554763.02;;;;;;;;892414.92;9011093.34
08.098.114/0001-28;2026-02-01;1;29368963.26;16245.97;;;29352717.29;699257219.19;699222087.92;;699222087.92;;;;;;;;;;;;;;;;35131.27;;;;;;;;;;57930863.34;5930293.54;52000000;569.8;7563915.4;473544.31;;;;;;;;878554.29;8916014
08.098.114/0001-28;2026-03-01;1;31820371.07;1098.42;;;31819272.65;699315637.72;699280506.45;;699280506.45;;;;;;;;;;;;;;;;35131.27;;;;;;;;;;53471821.04;5971821.04;47500000;;7563915.4;577737.06;;;;;;;;795705.16;8937357.62
08.098.114/0001-28;2026-04-01;1;34222979.4;255861.25;;;33967118.15;699322677.65;699287546.38;;699287546.38;;;;;;;;;;;;;;;;35131.27;;;;;;;;;;49054772.89;6049486.08;43000000;5286.81;7563915.4;526228.64;;;;;;;;2148085.42;10238229.46
08.098.114/0001-28;2026-05-01;1;34194678.86;34194678.86;;;;699373376.29;699338245.02;;699338245.02;;;;;;;;;;;;;;;;35131.27;;;;;;;;;;46872719.38;6238358.11;40600000;34361.27;7563915.4;520919.19;;;;;;;;2645859.9;10730694.49
08.098.114/0001-28;2026-06-01;1;34194678.86;34194678.86;;;;699373376.29;699338245.02;;699338245.02;;;;;;;;;;;;;;;;35131.27;;;;;;;;;;46872719.38;6238358.11;40600000;34361.27;7563915.4;520919.19;;;;;;;;2645859.9;10730694.49
08.098.114/0001-28;2026-07-01;1;26927497.73;196.84;0;0;26927300.89;712900680.68;700207039.93;0;700207039.93;0;0;0;0;0;0;0;0;;0;0;12658509.48;0;0;0;35131.27;0;0;;0;0;;0;0;0;35121015.39;5561786.76;0;29559228.63;0;1278395.98;0;0;0;0;0;0;0;696609.67;1975005.65
08.417.532/0001-30;2026-01-01;2;24286071.1;5905.99;0;0;24280165.11;168458000;168458000;0;168458000;0;0;0;0;0;0;0;0;;0;0;0;0;0;0;0;0;0;;0;0;;0;0;0;287392647.09;282575692.01;2700000;2116955.08;0;126174.49;0;0;0;301086294.96;0;0;0;21251.42;301233720.87
08.417.532/0001-30;2026-02-01;2;27001020.19;5534.9;0;0;26995485.29;168458000;168458000;0;168458000;0;0;0;0;0;0;0;0;;0;0;0;0;0;0;0;0;0;;0;0;;0;0;0;237587208.07;232768685.75;2700000;2118522.32;0;126174.49;0;0;0;253147922.17;0;0;0;21251.42;253295348.08
08.417.532/0001-30;2026-03-01;1;28411449.87;5410.15;0;0;28406039.72;168458000;168458000;0;168458000;0;0;0;0;0;0;0;0;;0;0;0;0;0;0;0;0;0;;0;0;;0;0;0;241390406.42;236785996.14;2700000;1904410.28;0;126174.49;0;0;0;256555395.61;0;0;0;37275.26;256718845.36
08.417.532/0001-30;2026-04-01;1;29705928.1;2783.95;0;0;29703144.15;168458000;168458000;0;168458000;0;0;0;0;0;0;0;0;;0;0;0;0;0;0;0;0;0;;0;0;;0;0;0;245831501.62;241224830.67;2700000;1906670.95;0;126174.49;0;0;0;259850470.81;0;0;0;45287.18;260021932.48
08.417.532/0001-30;2026-05-01;1;30662553.42;6105.86;0;0;30656447.56;168458000;168458000;0;168458000;0;0;0;0;0;0;0;0;;0;0;0;0;0;0;0;0;0;;0;0;;0;0;0;250311867.1;246508899.08;1620000;2182968.02;0;131401.71;0;0;0;262499618.77;0;0;0;53299.1;262684319.58
08.417.532/0001-30;2026-06-01;1;33274051.73;4943.8;0;0;33269107.93;168458000;168458000;0;168458000;0;0;0;0;0;0;0;0;;0;0;0;0;0;0;0;0;0;;0;0;;0;0;0;253074043.57;249452472.5;1440000;2181571.07;9074797.2;131401.71;0;0;0;264325613.12;0;0;0;61311.02;273593123.05
08.417.532/0001-30;2026-07-01;1;25637205.54;6277.22;0;0;25630928.32;168458000;168458000;0;168458000;0;0;0;0;0;0;0;0;;0;0;0;0;0;0;0;0;0;;0;0;;0;0;0;256285755.18;252789967.13;1260000;2235788.05;0;131401.71;0;0;0;266311303.38;0;0;0;69322.94;266512028.03
08.431.747/0001-06;2026-01-01;2;57233158.7;1007628.71;;;56225529.99;3270026838.57;2320752477.38;;2320752477.38;;;;;;;;;;;;590854502.27;;;;;268218400.64;;;84014948.58;;;6186509.7;;;65847063.09;34458942.58;;31388120.51;20661281.6;1290807.42;;620217526.25;;;17323906.67;;;28061859.63;724548221.01
08.431.747/0001-06;2026-02-01;1;52301936.95;1176543.29;;;51125393.66;3293216669.8;2322546957.55;;2322546957.55;;;;;;;;;;;;612841227.17;;;;;268218400.64;;;83364062.49;;;6246021.95;;;59330896.81;28449089.98;;30881806.83;21952611.7;1115801.44;;618226279.87;;;18365217.16;;;28762112.67;725804959.66
08.431.747/0001-06;2026-03-01;1;4748034.31;745099.48;;;4002934.83;3293819436.36;2324392609.5;;2324392609.5;;;;;;;;;;;;618909035.51;;;;;268218400.64;;;82299390.71;;;;;;58205650.48;29645408.51;;28560241.97;21954075.37;1377879.96;;616813503.25;;;20966110.22;;;24024624.62;685136193.42
08.431.747/0001-06;2026-04-01;1;81774241.94;18669.83;;;81755572.11;3526007308.03;2327855150.58;;2327855150.58;;;;;;;;;;;;921444911.83;;;;;268218400.64;;;8488844.98;;;;;;55403792.62;30307626.65;;25096165.97;22204185.2;1280200.06;;616629671.76;;;23559740.23;;;332892795;996566592.25
08.431.747/0001-06;2026-05-01;1;47127756.41;420949.9;;;46706806.51;3468792955.58;2280720874.31;;2280720874.31;;;;;;;;;;;;881178602.84;;;;;268218400.64;;;38675077.79;;;;;;104376357.29;31672390.26;;72703967.03;24540473.42;1359230.76;;614819703.56;;;26337571.93;;;11239696.41;678296676.08
08.431.747/0001-06;2026-06-01;1;6814863.72;1276366.13;;;5538497.59;3497777705.95;2281937637.74;;2281937637.74;;;;;;;;;;;;879771667.19;;;;;268218400.64;;;67850000.38;;;;;;103014857.77;30269429.42;;72745428.35;24540473.42;1414101.82;;612589019.08;;;28583975.99;;;10275033.69;677402604
08.431.747/0001-06;2026-07-01;1;31556788.59;634419.8;;;30922368.79;3486436935.47;2283104079.91;;2283104079.91;;;;;;;;;;;;879040929.72;;;;;268218400.64;;;56073525.2;;;;;;104251370.38;31489645.47;;72761724.91;24540473.42;1522677.95;;610250670.13;;;31319076.31;;;10147209.87;699618888.84
08.693.497/0001-82;2026-01-01;1;3666856.92;8511.2;3658345.72;0;0;336146628.4;294047860.31;0;0;294047860.31;0;0;0;0;0;0;0;;0;0;42645660.7;0;0;0;0;0;0;;0;0;;0;0;-546892.61;3568429.35;3051161.64;0;517267.71;1825032.78;49599.13;0;0;0;0;0;0;0;429584.41;2304216.32
08.693.497/0001-82;2026-02-01;1;3726648.03;66349.44;3660298.59;0;0;336338694.26;294160478.09;0;0;294160478.09;0;0;0;0;0;0;0;;0;0;42725108.78;0;0;0;0;0;0;;0;0;;0;0;-546892.61;3228006.92;2969012.56;0;258994.36;1889940.67;42614.38;0;0;0;0;0;0;0;368600.13;2301155.18
08.693.497/0001-82;2026-03-01;1;3942438.23;11527.2;3930911.03;0;0;336180435.19;294160908.09;0;0;294160908.09;0;0;0;0;0;0;0;;0;0;42566419.71;0;0;0;0;0;0;;0;0;;0;0;-546892.61;470787.57;445797.79;0;24989.78;168166.32;52041.69;0;0;0;0;0;0;0;165606.65;385814.66
08.693.497/0001-82;2026-04-01;1;6154230.67;-18688.55;6172919.22;0;0;336305626.97;294163948.31;0;0;294163948.31;0;0;0;0;0;0;0;;0;0;42688571.27;0;0;0;0;0;0;;0;0;;0;0;-546892.61;-1860157.61;-1883940.09;0;23782.48;168166.32;47257.21;0;0;0;0;0;0;0;168354.35;383777.88
08.693.497/0001-82;2026-05-01;1;8582213.11;16306.9;8565906.21;0;0;336464014.8;294170428.31;0;0;294170428.31;0;0;0;0;0;0;0;;0;0;42840479.1;0;0;0;0;0;0;;0;0;;0;0;-546892.61;3295354.88;2999093.99;0;296260.89;5355957.82;47010.46;0;0;0;0;0;0;0;3743383.81;9146352.09
08.693.497/0001-82;2026-06-01;1;5041519.28;14830.48;5026688.8;0;0;336260502.39;294179003.31;0;0;294179003.31;0;0;0;0;0;0;0;;0;0;42628391.69;0;0;0;0;0;0;;0;0;;0;0;-546892.61;1039245.46;675909.44;0;363336.02;3472579.28;39285.11;0;0;0;0;0;0;0;647786.75;4159651.14
08.693.497/0001-82;2026-07-01;1;4346200.68;6604.45;4339596.23;0;0;336682381.59;294179003.31;0;0;294179003.31;0;0;0;0;0;0;0;;0;0;43050270.89;0;0;0;0;0;0;;0;0;;0;0;-546892.61;-1154021.61;-1551600.04;0;397578.43;2348495.05;46288.97;0;0;0;0;0;0;0;733360.46;3128144.48
08.696.175/0001-97;2026-01-01;1;4048973.2;8535.81;0;0;4040437.39;180972651.4;180972651.4;0;0;0;180972651.4;0;0;0;0;0;0;;0;0;0;0;0;0;0;0;0;;0;0;;0;0;0;1730012.4;1553675.97;0;176336.43;1355305.26;26377.6;0;0;0;43836.64;0;0;0;231896.65;1657416.15
08.696.175/0001-97;2026-02-01;1;4059459.99;81959.32;0;0;3977500.67;180972651.4;180972651.4;0;0;0;180972651.4;0;0;0;0;0;0;;0;0;0;0;0;0;0;0;0;;0;0;;0;0;0;1735670.13;1548539.49;0;187130.64;1355428.21;26377.6;0;0;0;43836.64;0;0;0;228103.96;1653746.41
08.696.175/0001-97;2026-03-01;1;3870217.84;4321.84;0;0;3865896;180972651.4;180972651.4;0;0;0;180972651.4;0;0;0;0;0;0;;0;0;0;0;0;0;0;0;0;;0;0;;0;0;0;1998868.55;1800369.98;0;198498.57;1355884.19;26377.6;0;0;0;43836.64;0;0;0;225313.76;1651412.19
08.696.175/0001-97;2026-04-01;1;4302165.14;10764.99;0;0;4291400.15;180878302.8;180878302.8;0;0;0;180878302.8;0;0;0;0;0;0;;0;0;0;0;0;0;0;0;0;;0;0;;0;0;0;1770457.22;1561517.46;0;208939.76;1356381.82;26377.6;0;0;0;43836.64;0;0;0;225171.56;1651767.62
08.696.175/0001-97;2026-05-01;1;4318203.7;3280.61;0;0;4314923.09;181029690.56;181029690.56;0;0;0;181029690.56;0;0;0;0;0;0;;0;0;0;0;0;0;0;0;0;;0;0;;0;0;0;1795695.21;1561517.46;0;234177.75;1356532.53;26377.6;0;0;0;43836.64;0;0;0;225027.56;1651774.33
08.696.175/0001-97;2026-06-01;1;4141660.9;4418.92;0;0;4137241.98;180573000;180573000;0;0;0;180573000;0;0;0;0;0;0;;0;0;0;0;0;0;0;0;0;;0;0;;0;0;0;2038240.01;1800369.98;0;237870.03;1375075.77;26377.6;0;0;0;43836.64;0;0;0;159106.16;1604396.17
08.696.175/0001-97;2026-07-01;1;4612709.13;2494.81;0;0;4610214.32;180554130.28;180554130.28;0;0;0;180554130.28;0;0;0;0;0;0;;0;0;0;0;0;0;0;0;0;;0;0;;0;0;0;1834102.13;1590712.25;0;243389.88;1375316.54;26377.6;0;0;0;43836.64;0;0;0;159255.56;1604786.34
08.706.065/0001-69;2026-01-01;1;30074370.71;198.5;0;0;30074172.21;414417553.91;414417553.91;0;414417553.91;0;0;0;0;0;0;0;0;;0;0;0;0;0;0;0;0;0;;0;0;;0;0;0;26979.15;0;0;26979.15;10231870.95;467466.11;376366.26;0;0;0;0;0;0;246570.67;11322273.99
08.706.065/0001-69;2026-02-01;1;31664263.41;198.5;0;0;31664064.91;410861583.55;410861583.55;0;410861583.55;0;0;0;0;0;0;0;0;;0;0;0;0;0;0;0;0;0;;0;0;;0;0;0;71342.9;0;0;71342.9;13769612.21;460674.25;509199.19;0;0;0;0;0;0;263622.86;15003108.51
08.706.065/0001-69;2026-03-01;1;32438722.85;198.5;0;0;32438524.35;411730902.96;411730902.96;0;411730902.96;0;0;0;0;0;0;0;0;;0;0;0;0;0;0;0;0;0;;0;0;;0;0;0;16756.01;0;0;16756.01;10931868.11;526155.3;349711.12;0;0;0;0;0;0;-94504.93;11713229.6
08.706.065/0001-69;2026-04-01;1;36995330.37;198.5;0;0;36995131.87;408902832.89;408902832.89;0;408902832.89;0;0;0;0;0;0;0;0;;0;0;0;0;0;0;0;0;0;;0;0;;0;0;0;1114719.6;0;0;1114719.6;15264837.06;526035.64;129020.46;0;0;0;0;0;0;200433.83;16120326.99
08.706.065/0001-69;2026-05-01;1;36601840.96;971760.22;0;0;35630080.74;408479091.79;408479091.79;0;408479091.79;0;0;0;0;0;0;0;0;;0;0;0;0;0;0;0;0;0;;0;0;;0;0;0;164754.39;-971490.01;0;1136244.4;13653039.39;526267.83;60032.8;0;0;0;0;0;0;203227.2;14442567.22
08.706.065/0001-69;2026-06-01;1;37010469.27;200;0;0;37010269.27;406492791.79;406492791.79;0;406492791.79;0;0;0;0;0;0;0;0;;0;0;0;0;0;0;0;0;0;;0;0;;0;0;0;-349863.08;-1481564.43;0;1131701.35;12570824.09;379737.93;64273.1;0;0;0;0;0;0;230272.63;13245107.75
08.706.065/0001-69;2026-07-01;1;31186020.02;198.5;0;0;31185821.52;403195991.79;403195991.79;0;403195991.79;0;0;0;0;0;0;0;0;;0;0;0;0;0;0;0;0;0;;0;0;;0;0;0;1126241.3;0;0;1126241.3;6425889.71;523592.29;184626.2;0;0;0;0;0;0;258877.89;7392986.09
08.924.783/0001-01;2026-01-01;2;18790381.12;200;0;78148.65;18712032.47;2372697451.15;2025408100.6;0;2025408100.6;0;0;0;0;0;0;0;0;;0;0;347289350.55;0;0;0;0;0;0;;0;0;;0;0;0;25850627.43;19093931.25;0;6756696.18;0;385769.69;0;90017046.93;0;0;22094480.18;0;0;15626169.3;128123466.1
08.924.783/0001-01;2026-02-01;1;12002977.29;200;0;0;12002777.29;2373762581.36;2025408100.6;0;2025408100.6;0;0;0;0;0;0;0;0;;0;0;348354480.76;0;0;0;0;0;0;;0;0;;0;0;0;28835552.15;22371359.57;0;6464192.58;0;387756.68;0;90017046.93;0;0;22053938.95;0;0;15685765.99;128144508.55
08.924.783/0001-01;2026-03-01;1;21433543.43;200;0;77446.63;21355896.8;2358652495.91;2025408100.6;0;2025408100.6;0;0;0;0;0;0;0;0;;0;0;333244395.31;0;0;0;0;0;0;;0;0;;0;0;0;30803801.73;25760444.31;0;5043357.42;0;381744.29;0;90015802.05;0;0;22107054.72;0;0;15575402.91;128080003.97
08.924.783/0001-01;2026-04-01;2;16798569.7;168.62;0;78287.2;16720113.88;2358766958.27;2026000351.18;0;2026000351.18;0;0;0;0;0;0;0;0;;0;0;332766607.09;0;0;0;0;0;0;;0;0;;0;0;0;33792408.45;27753491.42;0;6038917.03;0;383602.53;0;89789080.94;0;0;22079812.85;0;0;15576162.39;127828658.71
08.924.783/0001-01;2026-05-01;2;32970570.27;107.3;0;79123.23;32891339.74;2231832219.64;1846500000.58;0;1846500000.58;0;0;0;0;0;0;0;0;;0;0;385332219.06;0;0;0;0;0;0;;0;0;;0;0;0;37156674.03;31846492.73;0;5310181.3;0;372689.44;0;89787834.76;0;0;44157332.49;0;0;15338540.46;149656397.15
08.924.783/0001-01;2026-06-01;2;27463715.73;200;0;80005.16;27383510.57;2232789300.63;1847127526.58;0;1847127526.58;0;0;0;0;0;0;0;0;;0;0;385661774.05;0;0;0;0;0;0;;0;0;;0;0;0;40041183.51;36412767.48;0;3628416.03;0;346151.25;0;89786584.2;0;0;44181690.27;0;0;15776078.35;150090504.07
08.924.783/0001-01;2026-07-01;1;24727980.82;92714.65;0;80972.4;24554293.77;2232866455.03;1847127526.58;0;1847127526.58;0;0;0;0;0;0;0;0;;0;0;385738928.45;0;0;0;0;0;0;;0;0;;0;0;0;50190137.94;43622778.58;0;6567359.36;0;324076.52;0;89786584.2;0;0;44232752.01;0;0;15528016.26;149871428.99
08.971.868/0001-40;2026-01-01;1;1331985.51;969.27;902005.93;0;429010.31;3101567;2151773;0;0;0;0;0;2151773;949794;0;0;0;;0;0;0;0;0;0;0;0;0;;0;0;;0;0;0;37876.42;0;0;37876.42;0;900;0;0;0;0;0;0;0;1397.6;2297.6
08.971.868/0001-40;2026-02-01;1;825151.55;711.88;802059.72;0;22379.95;3188162;2151773;0;0;0;0;0;2151773;1036389;0;0;0;;0;0;0;0;0;0;0;0;0;;0;0;;0;0;0;37876.42;0;0;37876.42;0;900;0;0;0;0;0;0;0;4601.34;5501.34
08.971.868/0001-40;2026-03-01;1;814593.73;119.64;810989.71;0;3484.38;3023382;2151773;0;0;0;0;0;2151773;871609;0;0;0;;0;0;0;0;0;0;0;0;0;;0;0;;0;0;0;37876.42;0;0;37876.42;0;900;0;0;0;0;0;0;0;4928.7;5828.7
08.971.868/0001-40;2026-04-01;1;806692.14;16008.58;745225.88;0;45457.68;3045603;2151773;0;0;0;0;0;2151773;893830;0;0;0;;0;0;0;0;0;0;0;0;0;;0;0;;0;0;0;22094.58;0;0;22094.58;0;900;0;0;0;0;0;0;0;2290.49;3190.49
08.971.868/0001-40;2026-05-01;1;803044.69;32985.26;752290.58;0;17768.85;3166603;2151773;0;0;0;0;0;2151773;1014830;0;0;0;;0;0;0;0;0;0;0;0;0;;0;0;;0;0;0;25051.96;0;0;25051.96;0;900;0;0;0;0;0;0;0;1100;2000
08.971.868/0001-40;2026-06-01;2;772136.66;36356.08;666911.08;0;68869.5;3085502;2241119;0;0;0;0;0;2241119;844383;0;0;0;;0;0;0;0;0;0;0;0;0;;0;0;;0;0;0;30547.93;0;0;30547.93;0;900;0;0;0;0;0;0;0;1100;2000
08.971.868/0001-40;2026-07-01;1;605784.49;28405.34;527382.36;0;49996.79;2919195;2241119;0;0;0;0;0;2241119;678076;0;0;0;;0;0;0;0;0;0;0;0;0;;0;0;;0;0;0;24818.04;0;0;24818.04;0;900;0;0;0;0;0;0;0;6497.02;7397.02
09.006.914/0001-34;2026-01-01;1;5194809.34;17498.78;0;0;5177310.56;115260000;115260000;0;115260000;0;0;0;0;0;0;0;0;;0;0;0;0;0;0;0;0;0;;0;0;;0;0;0;1014635.19;985541.3;0;29093.89;867894.38;11691.17;0;0;0;0;0;0;0;535439.11;1415024.66
09.006.914/0001-34;2026-02-01;1;5063369.18;17498.78;0;0;5045870.4;127850000;127850000;0;127850000;0;0;0;0;0;0;0;0;;0;0;0;0;0;0;0;0;0;;0;0;;0;0;0;1019649.97;990204.45;0;29445.52;874526.4;11766.9;0;0;0;0;0;0;0;496728.71;1383022.01
09.006.914/0001-34;2026-03-01;1;5139494.61;17498.77;0;0;5121995.84;127850000;127850000;0;127850000;0;0;0;0;0;0;0;0;;0;0;0;0;0;0;0;0;0;;0;0;;0;0;0;958459.4;929377.44;0;29081.96;875820.62;13412.18;0;0;0;0;0;0;0;498671.12;1387903.92
09.006.914/0001-34;2026-04-01;1;5213075.06;17498.77;0;0;5195576.29;127850000;127850000;0;127850000;0;0;0;0;0;0;0;0;;0;0;0;0;0;0;0;0;0;;0;0;;0;0;0;1186349.25;1156949.02;0;29400.23;1042118.91;11963.77;0;0;0;0;0;0;0;499317.18;1553399.86
09.006.914/0001-34;2026-05-01;1;5311502.37;17498.77;0;0;5294003.6;127850000;127850000;0;127850000;0;0;0;0;0;0;0;0;;0;0;0;0;0;0;0;0;0;;0;0;;0;0;0;1178860.88;1131406.44;0;47454.44;1050558.42;11965.51;0;0;0;0;0;0;0;500341.08;1562865.01
09.006.914/0001-34;2026-06-01;1;5431532.45;17065.37;0;0;5414467.08;127850000;127850000;0;127850000;0;0;0;0;0;0;0;0;;0;0;0;0;0;0;0;0;0;;0;0;;0;0;0;1151470.42;1106297.26;0;45173.16;1054759.16;12538.74;0;0;0;0;0;0;0;505825.18;1573123.08
09.006.914/0001-34;2026-07-01;1;5533145.8;17479.36;0;0;5515666.44;127850000;127850000;0;127850000;0;0;0;0;0;0;0;0;;0;0;0;0;0;0;0;0;0;;0;0;;0;0;0;1148286.4;1106297.26;0;41989.14;40734.25;12665.55;0;0;0;0;0;0;0;510137.43;563537.23
09.072.017/0001-29;2026-01-01;1;75049459.35;5000.79;11757658.11;0;63286800.45;1676270945.69;1558610712.86;0;1558610712.86;0;0;0;0;0;0;0;0;;0;0;66859061.6;0;0;0;1003.44;500;0;;50799667.79;0;;0;0;0;53766172.15;11383399.42;38664201.58;3718571.15;10071808.45;1229432.31;0;0;3416998.54;0;42403216.84;0;350559.78;2949717.65;60421733.57
09.072.017/0001-29;2026-02-01;1;86188779.92;132.31;11853086.58;0;74335561.03;1671091625.55;1560706826.63;0;1560706826.63;0;0;0;0;0;0;0;0;;0;0;59810927.37;0;0;0;1003.44;500;0;;50572368.11;0;;0;0;0;47913693.99;13850897.36;30099660.96;3963135.67;10073125.95;1060789.95;0;0;3416998.54;0;41405707.09;0;350559.78;3023711.7;59330893.01
09.072.017/0001-29;2026-03-01;1;96203480.01;500;0;0;96202980.01;1672700638.8;1561927204.15;0;1561927204.15;0;0;0;0;0;0;0;0;;0;0;60192208.09;0;0;0;1003.44;500;0;;50579723.12;0;;0;0;0;36255784.33;13949000.16;18730639.54;3576144.63;10074443.45;1307054.43;0;0;3416998.54;0;40608847.54;0;350559.78;5365276.24;61123179.98
09.072.017/0001-29;2026-04-01;1;89001207.35;1223.82;0;0;88999983.53;1678064720.96;1562472680.23;0;1562472680.23;0;0;0;0;0;0;0;0;;0;0;46907904.14;0;0;0;1003.44;500;0;;68682633.15;0;;0;0;0;34978222.22;13477622.39;17461083.53;4039516.3;10075760.95;1176397.74;0;0;3416998.54;0;39685658.34;0;350559.78;3548597.52;58253972.87
09.072.017/0001-29;2026-05-01;1;97212584.35;500.08;0;0;97212084.27;1666900359.95;1562929332.17;0;1562929332.17;0;0;0;0;0;0;0;0;;0;0;35206922.34;0;0;0;1003.44;500;0;;68762602;0;;0;0;0;35092501.1;13554629.95;17623299.3;3914571.85;10077078.45;1213684.67;0;0;3416998.54;0;38783937.06;0;350559.78;3530409.71;57372668.21
09.072.017/0001-29;2026-06-01;1;123203122.76;400.41;0;0;123202722.35;1637328339.58;1563296207.19;0;1563296207.19;0;0;0;0;0;0;0;0;;0;0;5241731.25;0;0;0;1003.44;500;0;;68788897.7;0;;0;0;0;35767966.79;13865389.55;17822466.5;4080110.74;17759944.5;1240973.39;0;0;3416998.54;0;37905428.2;0;350559.78;3583499.82;64257404.23
09.072.017/0001-29;2026-07-01;1;139297775.22;100.9;0;0;139297674.32;1610826523.65;1541904940.02;0;1541904940.02;0;0;0;0;0;0;0;0;;0;0;0;0;0;0;1003.44;500;0;;68920080.19;0;;0;0;0;34727233.26;14205315.14;18034528.26;2487389.86;10080720.95;1319622.49;0;0;0;0;37024102.41;0;350559.78;3135648.82;51910654.45
09.150.967/0001-24;2026-01-01;2;727737.85;39792.83;687945.02;0;0;4309186.5;0;0;0;0;0;0;0;0;0;0;0;;0;0;4309186.5;0;0;0;0;0;0;;0;0;;0;0;0;13599311.75;0;13598524.46;787.29;0;21603.26;0;0;0;13446571.32;0;0;0;281766.86;13749941.44
09.150.967/0001-24;2026-02-01;2;729820.15;36442.09;693378.06;0;0;4283305.5;0;0;0;0;0;0;0;0;0;0;0;;0;0;4283305.5;0;0;0;0;0;0;;0;0;;0;0;0;13009742.14;0;13009179.85;562.29;0;21603.26;0;0;0;12857226.71;0;0;0;268846.26;13147676.23
09.150.967/0001-24;2026-03-01;2;753452.17;15794.01;737658.16;0;0;4270365;0;0;0;0;0;0;0;0;0;0;0;;0;0;4270365;0;0;0;0;0;0;;0;0;;0;0;0;12422005.23;0;12421717.85;287.38;0;21603.26;0;0;0;12269764.71;0;0;0;270214.18;12561582.15
09.150.967/0001-24;2026-04-01;2;777277.6;50707.28;726570.32;0;0;4291932.5;0;0;0;0;0;0;0;0;0;0;0;;0;0;4291932.5;0;0;0;0;0;0;;0;0;;0;0;0;11829000.89;0;11828963.41;37.48;0;21603.26;0;0;0;11677010.27;0;0;0;271377.05;11969990.58
09.150.967/0001-24;2026-05-01;1;795424.49;62555.34;732869.15;0;0;4153900.5;0;0;0;0;0;0;0;0;0;0;0;;0;0;4153900.5;0;0;0;0;0;0;;0;0;;0;0;0;11236508.66;0;11232075;4433.66;0;21603.26;0;0;0;11080121.86;0;0;0;272687.65;11374412.77
09.150.967/0001-24;2026-06-01;1;818802.26;2124.82;816677.44;0;0;3929598.5;0;0;0;0;0;0;0;0;0;0;0;;0;0;3929598.5;0;0;0;0;0;0;;0;0;;0;0;0;10641642.21;0;10637615.11;4027.1;0;21603.26;0;0;0;10485661.97;0;0;0;273919.47;10781184.7
09.150.967/0001-24;2026-07-01;1;843308.93;56664.54;786644.39;0;0;3856269;0;0;0;0;0;0;0;0;0;0;0;;0;0;3856269;0;0;0;0;0;0;;0;0;;0;0;0;10042527.74;0;10038945.92;3581.82;0;21603.26;0;0;0;9886992.78;0;0;0;275394.47;10183990.51
09.276.964/0001-31;2026-01-01;1;1029468.04;1029468.04;0;0;0;465021437;465021437;0;465021437;0;0;0;0;0;0;0;0;;0;0;0;0;0;0;0;0;0;;0;0;;0;0;0;327159.76;0;0;327159.76;0;11863.64;0;0;0;0;0;0;0;471531.08;483394.72
09.276.964/0001-31;2026-02-01;1;1009222.97;1009222.97;0;0;0;465021437;465021437;0;465021437;0;0;0;0;0;0;0;0;;0;0;0;0;0;0;0;0;0;;0;0;;0;0;0;504.44;0;0;504.44;0;20863.64;0;0;0;0;0;0;0;75335.26;96198.9
09.276.964/0001-31;2026-03-01;1;172087.76;172087.76;0;0;0;465021437;465021437;0;465021437;0;0;0;0;0;0;0;0;;0;0;0;0;0;0;0;0;0;;0;0;;0;0;0;0;0;0;0;0;29863.64;0;0;0;0;0;0;0;79500.72;109364.36
09.276.964/0001-31;2026-04-01;1;650991.83;650991.83;0;0;0;465021437;465021437;0;465021437;0;0;0;0;0;0;0;0;;0;0;0;0;0;0;0;0;0;;0;0;;0;0;0;458.6;0;0;458.6;0;11863.64;0;0;0;0;0;0;0;81668.72;93532.36
09.276.964/0001-31;2026-05-01;1;236897.99;236897.99;0;0;0;465021437;465021437;0;465021437;0;0;0;0;0;0;0;0;;0;0;0;0;0;0;0;0;0;;0;0;;0;0;0;65204.75;0;0;65204.75;0;11863.64;0;0;0;0;0;0;0;108979.46;120843.1
09.276.964/0001-31;2026-06-01;1;236897.99;236897.99;0;0;0;465021437;465021437;0;465021437;0;0;0;0;0;0;0;0;;0;0;0;0;0;0;0;0;0;;0;0;;0;0;0;62270.35;0;0;62270.35;0;20863.64;0;0;0;0;0;0;0;516974.96;537838.6
09.276.964/0001-31;2026-07-01;1;140494;140494;0;0;0;465021437;465021437;0;465021437;0;0;0;0;0;0;0;0;;0;0;0;0;0;0;0;0;0;;0;0;;0;0;0;58052.11;0;0;58052.11;0;20863.64;0;0;0;0;0;0;0;852724.22;873587.86
09.326.861/0001-39;2026-01-01;1;1008683.24;2000;;;1006683.24;63303047.71;63303047.71;;63303047.71;;;;;;;;;;;;;;;;;;;;;;;;;;984673.86;984673.86;;;528831.58;27535.14;;;;;;;;64790.43;621157.15
09.326.861/0001-39;2026-02-01;1;971535.46;2000;;;969535.46;63516725.24;63516725.24;;63516725.24;;;;;;;;;;;;;;;;;;;;;;;;;;879923.77;879693.87;;229.9;530396.31;23281.61;;;;;;;;70415.56;624093.48
09.326.861/0001-39;2026-03-01;1;658207.2;2000;;;656207.2;63685782.56;63685782.56;;63685782.56;;;;;;;;;;;;;;;;;;;;;;;;;;937077.11;937005.82;;71.29;531961.04;28583.57;;;;;;;;19497.41;580042.02
09.326.861/0001-39;2026-04-01;1;596983.56;2000;;;594983.56;63789016.99;63789016.99;;63789016.99;;;;;;;;;;;;;;;;;;;;;;;;;;982392.32;980462.33;;1929.99;533525.77;25952.66;;;;;;;;25071.14;584549.57
09.326.861/0001-39;2026-05-01;1;459281.81;2000;;;457281.81;63844016.78;63844016.78;;63844016.78;;;;;;;;;;;;;;;;;;;;;;;;;;1035188.07;1024298.19;;10889.88;535090.5;25599.39;;;;;;;;25669.76;586359.65
