TP_FUNDO_CLASSE;CNPJ_FUNDO_CLASSE;ID_SUBCLASSE;DT_COMPTC;VL_TOTAL;VL_QUOTA;VL_PATRIM_LIQ;CAPTC_DIA;RESG_DIA;NR_COTST
CLASSES - FIF;00.017.024/0001-53;;2026-08-03;1095646.22;44.275588000000;1207786.03;0.00;0.00;1
CLASSES - FIF;00.017.024/0001-53;;2026-08-04;1096222.50;44.294551800000;1208303.34;0.00;0.00;1
CLASSES - FIF;00.017.024/0001-53;;2026-08-05;1096801.23;44.313612700000;1208823.30;0.00;0.00;1
CLASSES - FIF;00.017.024/0001-53;;2026-08-06;1097383.41;44.323994800000;1209106.51;0.00;0.00;1
CLASSES - FIF;00.017.024/0001-53;;2026-08-07;1097957.85;44.341192000000;1209575.63;0.00;0.00;1
CLASSES - FIF;00.017.024/0001-53;;2026-08-10;1098539.35;44.358456300000;1210046.58;0.00;0.00;1
CLASSES - FIF;00.017.024/0001-53;;2026-08-11;1099122.66;44.375978000000;1210524.55;0.00;0.00;1
CLASSES - FIF;00.017.024/0001-53;;2026-08-12;1099703.81;44.393575500000;1211004.59;0.00;0.00;1
CLASSES - FIF;00.017.024/0001-53;;2026-08-13;1100283.40;44.411073000000;1211481.90;0.00;0.00;1
CLASSES - FIF;00.017.024/0001-53;;2026-08-14;1100867.09;44.428511000000;1211957.59;0.00;0.00;1
CLASSES - FIF;00.017.024/0001-53;;2026-08-17;1101453.12;44.446088800000;1212437.09;0.00;0.00;1
CLASSES - FIF;00.017.024/0001-53;;2026-08-18;1102022.23;44.463750800000;1212918.89;0.00;0.00;1
CLASSES - FIF;00.017.024/0001-53;;2026-08-19;1102586.93;44.480793300000;1213383.79;0.00;0.00;1
CLASSES - FIF;00.017.024/0001-53;;2026-08-20;1103157.27;44.497672700000;1213844.24;0.00;0.00;1
CLASSES - FIF;00.017.024/0001-53;;2026-08-21;1103724.90;44.514758500000;1214310.32;0.00;0.00;1
CLASSES - FIF;00.017.024/0001-53;;2026-08-24;1104303.95;44.531746000000;1214773.72;0.00;0.00;1
CLASSES - FIF;00.017.024/0001-53;;2026-08-25;1104880.99;44.549150400000;1215248.49;0.00;0.00;1
CLASSES - FIF;00.017.024/0001-53;;2026-08-26;1105453.87;44.566482900000;1215721.30;0.00;0.00;1
CLASSES - FIF;00.017.024/0001-53;;2026-08-27;1106020.91;44.583661000000;1216189.90;0.00;0.00;1
CLASSES - FIF;00.017.024/0001-53;;2026-08-28;1106592.80;44.600625800000;1213810.23;0.00;2842.45;1
CLASSES - FIF;00.017.024/0001-53;;2026-08-31;1107165.36;44.617809300000;1214277.88;0.00;0.00;1
CLASSES - FIF;00.068.305/0001-35;;2026-08-03;41103383.84;46.992252000000;41090443.07;0.00;7638.27;5554
CLASSES - FIF;00.068.305/0001-35;;2026-08-04;41113358.54;47.014743000000;41110108.78;0.00;0.00;5554
CLASSES - FIF;00.068.305/0001-35;;2026-08-05;41137452.44;47.039507000000;41131682.26;0.00;80.84;5553
CLASSES - FIF;00.068.305/0001-35;;2026-08-06;41159663.48;47.062025000000;41151371.87;0.00;0.00;5553
CLASSES - FIF;00.068.305/0001-35;;2026-08-07;41180666.66;47.083267000000;41169945.64;0.00;0.00;5553
CLASSES - FIF;00.068.305/0001-35;;2026-08-10;41196772.32;47.106559000000;41183502.96;0.00;6810.01;5552
CLASSES - FIF;00.068.305/0001-35;;2026-08-11;41204808.53;47.128171000000;41201296.24;0.00;1101.06;5551
CLASSES - FIF;00.068.305/0001-35;;2026-08-12;41227561.94;47.153039000000;41221518.39;0.00;1518.05;5550
CLASSES - FIF;00.068.305/0001-35;;2026-08-13;41240599.03;47.176223000000;41231991.16;0.00;9795.53;5550
CLASSES - FIF;00.068.305/0001-35;;2026-08-14;41263917.53;47.200012000000;41252782.26;0.00;0.00;5550
CLASSES - FIF;00.068.305/0001-35;;2026-08-17;41166032.95;47.222090000000;41152310.97;0.00;119767.33;5550
CLASSES - FIF;00.068.305/0001-35;;2026-08-18;41176583.61;47.245373000000;41172601.34;0.00;0.00;5550
CLASSES - FIF;00.068.305/0001-35;;2026-08-19;41195360.57;47.268613000000;41188837.89;0.00;4016.54;5550
CLASSES - FIF;00.068.305/0001-35;;2026-08-20;41203040.59;47.290656000000;41193934.02;0.00;14111.92;5548
CLASSES - FIF;00.068.305/0001-35;;2026-08-21;41222881.60;47.312783000000;41211843.04;0.00;1364.96;5547
CLASSES - FIF;00.068.305/0001-35;;2026-08-24;41236527.91;47.333826000000;41222931.88;0.00;7240.56;5545
CLASSES - FIF;00.068.305/0001-35;;2026-08-25;41246388.26;47.356323000000;41242524.89;0.00;0.00;5545
CLASSES - FIF;00.068.305/0001-35;;2026-08-26;41270527.60;47.381138000000;41264136.19;0.00;0.00;5545
CLASSES - FIF;00.068.305/0001-35;;2026-08-27;41291870.92;47.402741000000;41282950.20;0.00;0.00;5545
CLASSES - FIF;00.068.305/0001-35;;2026-08-28;41311252.06;47.424595000000;41299790.84;0.00;2191.99;5544
CLASSES - FIF;00.068.305/0001-35;;2026-08-31;41316391.61;47.446443000000;41302322.01;0.00;16494.83;5542
CLASSES - FIF;00.071.477/0001-68;;2026-08-03;706517896.88;16.543233489000;706489335.35;3541.93;1558819.15;28686
CLASSES - FIF;00.071.477/0001-68;;2026-08-04;705879082.14;16.550748888000;705850345.29;34945.39;994896.84;28677
CLASSES - FIF;00.071.477/0001-68;;2026-08-05;705175587.27;16.558375524000;705146212.04;3080.57;1032473.48;28663
CLASSES - FIF;00.071.477/0001-68;;2026-08-06;704730865.13;16.565916961000;704700800.69;6674.25;773243.68;28653
CLASSES - FIF;00.071.477/0001-68;;2026-08-07;703833307.64;16.573317822000;703802578.54;7088.29;1220140.38;28653
CLASSES - FIF;00.071.477/0001-68;;2026-08-10;700634099.13;16.580601186000;700602672.13;244983.95;3754190.18;28620
CLASSES - FIF;00.071.477/0001-68;;2026-08-11;700522741.97;16.588109658000;700490656.18;19892.66;449183.33;28624
CLASSES - FIF;00.071.477/0001-68;;2026-08-12;700390399.99;16.595615831000;700357764.98;12301.26;462168.29;28607
CLASSES - FIF;00.071.477/0001-68;;2026-08-13;700530302.92;16.603051750000;700496933.59;18639.21;193285.08;28602
CLASSES - FIF;00.071.477/0001-68;;2026-08-14;700398873.83;16.610514252000;700365793.57;13909.64;459905.43;28593
CLASSES - FIF;00.071.477/0001-68;;2026-08-17;700043719.58;16.618151131000;700009907.99;76720.83;754609.16;28575
CLASSES - FIF;00.071.477/0001-68;;2026-08-18;699488690.63;16.625919151000;699454154.64;23820.14;906792.18;28569
CLASSES - FIF;00.071.477/0001-68;;2026-08-19;698084493.38;16.633202481000;698049226.03;6880.15;1718222.48;28557
CLASSES - FIF;00.071.477/0001-68;;2026-08-20;695411020.74;16.640567634000;695375031.32;987.26;2984277.45;28525
CLASSES - FIF;00.071.477/0001-68;;2026-08-21;694720406.95;16.647993472000;694683758.22;2450.26;1004034.96;28529
CLASSES - FIF;00.071.477/0001-68;;2026-08-24;692005416.34;16.655445185000;691968198.92;14867.61;3041371.45;28513
CLASSES - FIF;00.071.477/0001-68;;2026-08-25;691705170.04;16.662960525000;691667251.57;45839.34;659027.07;28492
CLASSES - FIF;00.071.477/0001-68;;2026-08-26;691813674.32;16.670461316000;691775142.31;2772.77;206235.89;28492
CLASSES - FIF;00.071.477/0001-68;;2026-08-27;691398578.62;16.677933929000;691359319.45;11569.72;737484.57;28482
CLASSES - FIF;00.071.477/0001-68;;2026-08-28;691057905.56;16.685308539000;691017910.16;29659.21;676773.40;28473
CLASSES - FIF;00.071.477/0001-68;;2026-08-31;690250412.79;16.692946731000;690209690.81;53550.49;1178104.61;28451
CLASSES - FIF;00.073.041/0001-08;;2026-08-03;9477431.88;49.969935700000;9469507.35;0.00;0.00;722
CLASSES - FIF;00.073.041/0001-08;;2026-08-04;9479981.54;49.994967600000;9471990.36;0.00;2260.64;721
CLASSES - FIF;00.073.041/0001-08;;2026-08-05;9484769.85;50.020000700000;9476733.09;0.00;0.00;721
CLASSES - FIF;00.073.041/0001-08;;2026-08-06;9489489.32;50.045068200000;9481482.36;0.00;0.00;721
CLASSES - FIF;00.073.041/0001-08;;2026-08-07;9493403.87;50.068741800000;9485967.54;0.00;0.00;721
CLASSES - FIF;00.073.041/0001-08;;2026-08-10;9498131.41;50.093398500000;9490638.96;0.00;0.00;721
CLASSES - FIF;00.073.041/0001-08;;2026-08-11;9502867.31;50.118099100000;9495318.71;0.00;0.00;721
CLASSES - FIF;00.073.041/0001-08;;2026-08-12;9507601.79;50.142792300000;9499997.06;0.00;0.00;721
CLASSES - FIF;00.073.041/0001-08;;2026-08-13;9512337.30;50.167490900000;9504676.43;0.00;0.00;721
CLASSES - FIF;00.073.041/0001-08;;2026-08-14;9517041.93;50.192383600000;9509392.57;0.00;0.00;721
CLASSES - FIF;00.073.041/0001-08;;2026-08-17;9521854.91;50.217511200000;9514153.21;0.00;0.00;721
CLASSES - FIF;00.073.041/0001-08;;2026-08-18;9526583.74;50.242154400000;9518822.09;0.00;0.00;721
CLASSES - FIF;00.073.041/0001-08;;2026-08-19;9531304.81;50.266776700000;9523487.00;0.00;0.00;721
CLASSES - FIF;00.073.041/0001-08;;2026-08-20;9534736.57;50.291370700000;9526855.13;0.00;1291.42;721
CLASSES - FIF;00.073.041/0001-08;;2026-08-21;9530695.62;50.315889900000;9522713.75;0.00;8786.13;720
CLASSES - FIF;00.073.041/0001-08;;2026-08-24;9535362.73;50.340527800000;9527376.69;0.00;0.00;720
CLASSES - FIF;00.073.041/0001-08;;2026-08-25;9540088.26;50.365199700000;9532046.06;0.00;0.00;720
CLASSES - FIF;00.073.041/0001-08;;2026-08-26;9544804.42;50.389822200000;9536706.08;0.00;0.00;720
CLASSES - FIF;00.073.041/0001-08;;2026-08-27;9549487.22;50.414268400000;9541332.73;0.00;0.00;720
CLASSES - FIF;00.073.041/0001-08;;2026-08-28;9554198.49;50.438865000000;9545987.85;0.00;0.00;720
CLASSES - FIF;00.073.041/0001-08;;2026-08-31;9558896.43;50.463391200000;9550629.63;0.00;0.00;720
CLASSES - FIF;00.083.181/0001-67;;2026-08-03;28719348973.12;1385.648693600000;28628221722.26;0.00;0.00;4
CLASSES - FIF;00.083.181/0001-67;;2026-08-04;28701566561.72;1384.786482530000;28610407993.74;0.00;0.00;4
CLASSES - FIF;00.083.181/0001-67;;2026-08-05;28899572850.76;1394.368765490000;28808382936.84;0.00;0.00;4
CLASSES - FIF;00.083.181/0001-67;;2026-08-06;28628147733.22;1381.229859340000;28536926311.32;0.00;0.00;4
CLASSES - FIF;00.083.181/0001-67;;2026-08-07;28423892451.22;1371.373431780000;28333287398.48;0.00;0.00;4
CLASSES - FIF;00.083.181/0001-67;;2026-08-10;28416045840.25;1370.992128350000;28325409471.52;0.00;0.00;4
CLASSES - FIF;00.083.181/0001-67;;2026-08-11;28281686601.36;1364.487424900000;28191018919.68;0.00;0.00;4
CLASSES - FIF;00.083.181/0001-67;;2026-08-12;28267620496.54;1363.805089240000;28176921510.43;0.00;0.00;4
CLASSES - FIF;00.083.181/0001-67;;2026-08-13;28421710650.19;1371.261767400000;28330980354.41;0.00;0.00;4
CLASSES - FIF;00.083.181/0001-67;;2026-08-14;28344940835.86;1367.544533480000;28254180370.72;0.00;0.00;4
CLASSES - FIF;00.083.181/0001-67;;2026-08-17;28329906090.68;1366.815312090000;28239114278.19;0.00;0.00;4
CLASSES - FIF;00.083.181/0001-67;;2026-08-18;28179826368.61;1359.549712110000;28089003208.73;0.00;0.00;4
CLASSES - FIF;00.083.181/0001-67;;2026-08-19;28272429850.50;1364.030341700000;28181575343.28;0.00;0.00;4
CLASSES - FIF;00.083.181/0001-67;;2026-08-20;28414739251.08;1370.916862140000;28323854432.51;0.00;0.00;4
CLASSES - FIF;00.083.181/0001-67;;2026-08-21;28678478151.05;1384.358322500000;28601561985.13;0.00;0.00;4
CLASSES - FIF;00.083.181/0001-67;;2026-08-24;28684412845.58;1384.645105330000;28607487067.28;0.00;0.00;4
CLASSES - FIF;00.083.181/0001-67;;2026-08-25;28934432511.00;1396.744919420000;28857475511.08;0.00;0.00;4
CLASSES - FIF;00.083.181/0001-67;;2026-08-26;28984493360.46;1399.166416000000;28907504888.17;0.00;0.00;4
CLASSES - FIF;00.083.181/0001-67;;2026-08-27;28994069453.10;1399.628395930000;28917049633.49;0.00;0.00;4
CLASSES - FIF;00.083.181/0001-67;;2026-08-28;29103638087.11;1404.612893080000;29020031933.69;0.00;0.00;4
CLASSES - FIF;00.083.181/0001-67;;2026-08-31;29117421571.29;1405.278491390000;29033783540.47;0.00;0.00;4
CLASSES - FIF;00.089.915/0001-15;;2026-08-03;18727836.37;136.626632925975;18706551.03;0.00;0.00;43
CLASSES - FIF;00.089.915/0001-15;;2026-08-04;18740093.59;136.707630392321;18717640.98;0.00;0.00;43
CLASSES - FIF;00.089.915/0001-15;;2026-08-05;18749951.61;136.773057438834;18726599.08;0.00;0.00;43
CLASSES - FIF;00.089.915/0001-15;;2026-08-06;18659590.89;136.834926060210;18735069.96;0.00;0.00;43
CLASSES - FIF;00.089.915/0001-15;;2026-08-07;17944329.04;136.896162695753;18743454.32;0.00;0.00;43
CLASSES - FIF;00.089.915/0001-15;;2026-08-10;18752654.20;136.948426468903;18750610.13;0.00;0.00;43
CLASSES - FIF;00.089.915/0001-15;;2026-08-11;18762221.38;137.009758635085;18759007.57;0.00;0.00;43
CLASSES - FIF;00.089.915/0001-15;;2026-08-12;0.00;136.948572593000;0.00;0.00;18750630.14;0
CLASSES - FIF;00.089.915/0001-15;;2026-08-14;0.00;0.000000000000;0.00;0.00;0.00;0
CLASSES - FIF;00.089.915/0001-15;;2026-08-17;0.00;0.000000000000;0.00;0.00;0.00;0
CLASSES - FIF;00.089.915/0001-15;;2026-08-18;0.00;0.000000000000;0.00;0.00;0.00;0
CLASSES - FIF;00.089.915/0001-15;;2026-08-19;0.00;0.000000000000;0.00;0.00;0.00;0
CLASSES - FIF;00.089.915/0001-15;;2026-08-20;0.00;0.000000000000;0.00;0.00;0.00;0
CLASSES - FIF;00.089.915/0001-15;;2026-08-21;0.00;0.000000000000;0.00;0.00;0.00;0
CLASSES - FIF;00.089.915/0001-15;;2026-08-24;0.00;0.000000000000;0.00;0.00;0.00;0
CLASSES - FIF;00.102.322/0001-41;;2026-08-03;9679498.08;1.019136900000;9684082.99;0.00;0.00;1
CLASSES - FIF;00.102.322/0001-41;;2026-08-04;9515689.77;1.001836600000;9519691.45;0.00;0.00;1
CLASSES - FIF;00.102.322/0001-41;;2026-08-05;9601348.31;1.010790500000;9604773.26;0.00;0.00;1
CLASSES - FIF;00.102.322/0001-41;;2026-08-06;9538072.76;1.004070400000;9540917.61;0.00;0.00;1
CLASSES - FIF;00.102.322/0001-41;;2026-08-07;9302379.13;0.980109000000;9313230.25;0.00;0.00;1
CLASSES - FIF;00.102.322/0001-41;;2026-08-10;11074708.20;1.166566200000;11084990.74;0.00;0.00;1
CLASSES - FIF;00.102.322/0001-41;;2026-08-11;10780880.54;1.135577000000;10790524.53;0.00;0.00;1
CLASSES - FIF;00.102.322/0001-41;;2026-08-12;10702996.99;1.127314700000;10712014.06;0.00;0.00;1
CLASSES - FIF;00.102.322/0001-41;;2026-08-13;10686548.93;1.125518100000;10694942.18;0.00;0.00;1
CLASSES - FIF;00.102.322/0001-41;;2026-08-14;10778448.95;1.135280900000;10787710.42;0.00;0.00;1
CLASSES - FIF;00.102.322/0001-41;;2026-08-17;10640926.53;1.120742000000;10649558.23;0.00;0.00;1
CLASSES - FIF;00.102.322/0001-41;;2026-08-18;10663577.23;1.123060200000;10671587.10;0.00;0.00;1
CLASSES - FIF;00.102.322/0001-41;;2026-08-19;10678777.51;1.124594400000;10686164.68;0.00;0.00;1
CLASSES - FIF;00.102.322/0001-41;;2026-08-20;10489186.50;1.104576500000;10495950.40;0.00;0.00;1
CLASSES - FIF;00.102.322/0001-41;;2026-08-21;10686686.60;1.125311600000;10692979.73;0.00;0.00;1
CLASSES - FIF;00.102.322/0001-41;;2026-08-24;10737258.95;1.130567700000;10742925.00;0.00;0.00;1
CLASSES - FIF;00.102.322/0001-41;;2026-08-25;10912565.28;1.148950500000;10917602.29;0.00;0.00;1
CLASSES - FIF;00.102.322/0001-41;;2026-08-26;10912874.41;1.148916100000;10917275.47;0.00;0.00;1
CLASSES - FIF;00.102.322/0001-41;;2026-08-27;10861056.27;1.143396300000;10864824.76;0.00;0.00;1
CLASSES - FIF;00.102.322/0001-41;;2026-08-28;10883704.86;1.145713400000;10886842.85;0.00;0.00;1
CLASSES - FIF;00.102.322/0001-41;;2026-08-31;10999506.33;1.157833700000;11002012.96;0.00;0.00;1
CLASSES - FIF;00.180.995/0001-10;;2026-08-07;79400501.41;959.209741000000;79420187.16;0.00;488497.25;486
CLASSES - FIF;00.180.995/0001-10;;2026-08-10;79448112.76;959.602612000000;79452715.86;0.00;0.00;486
CLASSES - FIF;00.180.995/0001-10;;2026-08-11;79476641.77;959.983087000000;79480316.24;0.00;3902.00;485
CLASSES - FIF;00.180.995/0001-10;;2026-08-12;79271617.15;960.457042000000;79280488.35;0.00;239068.27;485
CLASSES - FIF;00.180.995/0001-10;;2026-08-13;79315636.10;960.920332000000;79318730.45;0.00;0.00;485
CLASSES - FIF;00.180.995/0001-10;;2026-08-14;79327753.51;961.240664000000;79330112.50;0.00;15059.62;485
CLASSES - FIF;00.180.995/0001-10;;2026-08-17;79431733.76;961.758839000000;79433449.85;60573.00;0.00;486
CLASSES - FIF;00.180.995/0001-10;;2026-08-18;79470444.26;962.276244000000;79471162.67;0.00;5020.67;486
CLASSES - FIF;00.180.995/0001-10;;2026-08-19;79627801.23;962.838553000000;79627559.63;120000.00;10042.20;487
CLASSES - FIF;00.180.995/0001-10;;2026-08-20;79663547.79;963.253511000000;79661877.02;0.00;0.00;487
CLASSES - FIF;00.180.995/0001-10;;2026-08-21;79714368.08;963.854360000000;79711567.75;0.00;0.00;487
CLASSES - FIF;00.180.995/0001-10;;2026-08-24;79705228.50;964.374099000000;79704327.92;0.00;50222.70;487
CLASSES - FIF;00.180.995/0001-10;;2026-08-25;79499520.52;964.848004000000;79502124.90;5000.00;246370.67;486
CLASSES - FIF;00.180.995/0001-10;;2026-08-26;79534283.28;965.305544000000;79528745.84;0.00;11079.70;485
CLASSES - FIF;00.180.995/0001-10;;2026-08-27;79545346.26;965.849941000000;79539438.09;0.00;34159.07;485
CLASSES - FIF;00.180.995/0001-10;;2026-08-28;79586574.86;966.399418000000;79579664.70;0.00;5023.80;485
CLASSES - FIF;00.180.995/0001-10;;2026-08-31;79626956.50;966.876496000000;79618918.50;0.00;31.92;485
CLASSES - FIF;00.185.259/0001-54;;2026-08-03;122452252.10;99.593498990000;122102521.49;0.00;0.00;34
CLASSES - FIF;00.185.259/0001-54;;2026-08-04;122309668.84;99.465198440000;121945223.87;0.00;0.00;34
CLASSES - FIF;00.185.259/0001-54;;2026-08-05;123560470.91;100.473435920000;123181332.05;0.00;0.00;34
CLASSES - FIF;00.185.259/0001-54;;2026-08-06;121859801.64;99.074171420000;121465821.24;0.00;0.00;34
CLASSES - FIF;00.185.259/0001-54;;2026-08-07;119916799.11;97.970536150000;120112754.52;0.00;0.00;34
CLASSES - FIF;00.185.259/0001-54;;2026-08-10;123454825.46;97.854547210000;123636410.87;3665859.83;0.00;35
CLASSES - FIF;00.185.259/0001-54;;2026-08-11;122841233.67;97.150185330000;122746469.86;0.00;0.00;35
CLASSES - FIF;00.185.259/0001-54;;2026-08-12;122835031.56;97.133571030000;122725478.17;0.00;0.00;35
CLASSES - FIF;00.185.259/0001-54;;2026-08-13;123845073.50;97.921285700000;123720733.04;0.00;0.00;35
CLASSES - FIF;00.185.259/0001-54;;2026-08-14;123305455.03;97.482381290000;123166189.92;0.00;0.00;36
CLASSES - FIF;00.185.259/0001-54;;2026-08-17;123175104.86;97.367452740000;123020980.99;0.00;0.00;36
CLASSES - FIF;00.185.259/0001-54;;2026-08-18;122223771.92;96.602754430000;122054806.64;0.00;0.00;36
CLASSES - FIF;00.185.259/0001-54;;2026-08-19;122805923.33;97.051854790000;122622232.04;0.00;0.00;36
CLASSES - FIF;00.185.259/0001-54;;2026-08-20;123704621.87;97.751935410000;123506763.81;0.00;0.00;36
CLASSES - FIF;00.185.259/0001-54;;2026-08-21;125532141.42;99.186570400000;125319383.93;0.00;0.00;36
CLASSES - FIF;00.185.259/0001-54;;2026-08-24;125549647.52;99.188462150000;125321774.10;0.00;0.00;36
CLASSES - FIF;00.185.259/0001-54;;2026-08-25;127140900.45;100.435927550000;126897910.82;0.00;0.00;36
CLASSES - FIF;00.185.259/0001-54;;2026-08-26;127476265.42;100.689245920000;127217971.30;0.00;0.00;36
CLASSES - FIF;00.185.259/0001-54;;2026-08-27;127504931.24;100.699790760000;127231294.41;0.00;0.00;36
CLASSES - FIF;00.185.259/0001-54;;2026-08-28;126961155.97;101.143710970000;126672174.84;0.00;1120000.00;36
CLASSES - FIF;00.185.259/0001-54;;2026-08-31;127014156.66;101.173831730000;126709898.03;0.00;0.00;36
CLASSES - FIF;00.194.256/0001-87;;2026-08-03;5387410812.03;85.230088977000;5387234963.06;13322895.70;10452240.99;32
CLASSES - FIF;00.194.256/0001-87;;2026-08-04;5410728694.32;85.266830988000;5410549660.24;32500000.00;11507696.81;32
CLASSES - FIF;00.194.256/0001-87;;2026-08-05;5408899994.27;85.323687650000;5408717671.44;5473000.00;10912790.21;32
CLASSES - FIF;00.194.256/0001-87;;2026-08-06;5403777454.66;85.351450902000;5403632865.33;5653531.17;12498265.82;32
CLASSES - FIF;00.194.256/0001-87;;2026-08-07;5392365234.42;85.413212475000;5392236532.84;1140000.00;16446481.18;31
CLASSES - FIF;00.194.256/0001-87;;2026-08-10;5390809953.49;85.448512840000;5390681418.03;10278000.00;14061668.37;31
CLASSES - FIF;00.194.256/0001-87;;2026-08-11;5397756405.74;85.482988896000;5397676388.97;6894016.09;2074032.49;31
CLASSES - FIF;00.194.256/0001-87;;2026-08-12;5400026404.53;85.540133142000;5399927845.25;3700000.00;5056818.95;31
CLASSES - FIF;00.194.256/0001-87;;2026-08-13;5408334567.36;85.591106158000;5408235278.76;9912130.59;4822491.98;31
CLASSES - FIF;00.194.256/0001-87;;2026-08-14;5596708975.46;85.619803892000;5596568159.66;198652000.00;12132439.51;31
CLASSES - FIF;00.194.256/0001-87;;2026-08-17;5601610842.52;85.670573903000;5601487229.64;10469417.01;8868946.37;31
CLASSES - FIF;00.194.256/0001-87;;2026-08-18;5602149232.42;85.726098902000;5602015052.97;7200249.18;10302874.00;31
CLASSES - FIF;00.194.256/0001-87;;2026-08-19;5582627627.20;85.783763381000;5582369647.12;9817357.93;33231012.67;31
CLASSES - FIF;00.194.256/0001-87;;2026-08-20;5568793541.71;85.818766122000;5568538307.84;19440000.00;35549139.10;31
CLASSES - FIF;00.194.256/0001-87;;2026-08-21;5571912235.69;85.876776466000;5571745511.54;13000000.00;13556924.34;31
CLASSES - FIF;00.194.256/0001-87;;2026-08-24;5575172615.45;85.917078889000;5575040880.37;6973506.05;6292986.68;31
CLASSES - FIF;00.194.256/0001-87;;2026-08-25;5553896735.02;85.979431112000;5553635822.95;4000000.00;29451007.26;31
CLASSES - FIF;00.194.256/0001-87;;2026-08-26;5549743120.98;86.021063155000;5549586859.58;604158.27;7342243.96;31
CLASSES - FIF;00.194.256/0001-87;;2026-08-27;5645030730.78;86.080790288000;5644918712.91;91679003.15;200402.71;31
CLASSES - FIF;00.194.256/0001-87;;2026-08-28;5718525149.81;86.135636019000;5718198649.19;111081939.54;41398620.95;31
CLASSES - FIF;00.194.256/0001-87;;2026-08-31;5654634939.95;86.171254490000;5654014253.33;6122432.68;72671395.69;31
