ID_Registro_Classe;ID_Subclasse;Codigo_CVM;Data_Constituicao;Data_Inicio;Denominacao_Social;Situacao;Data_Inicio_Situacao;Forma_Condominio;Exclusivo;Publico_Alvo;Previdenciario;Exclusivo_INR;Exclusivo_Previdencia_Complementar
16795;I3JUK1765395302;436682;2025-12-10;2025-12-10;SUBCLASSE A LEGATUM CLASSE DE INVESTIMENTO EM INFRAESTRUTURA EM RENDA FIXA RESPONSABILIDADE LIMITADA;Em Funcionamento Normal;2025-12-23;Fechado;N;Qualificado;N;N;N
16795;P8MUY1765396456;436720;2025-12-10;2025-12-10;SUBCLASSE B LEGATUM CLASSE DE INVESTIMENTO EM INFRAESTRUTURA EM RENDA FIXA RESPONSABILIDADE LIMITADA;Em Funcionamento Normal;2025-12-23;Fechado;N;Qualificado;N;N;N
18285;AMQRI1785938635;508381;2026-08-05;2026-08-05;SUBCLASSE I - GROELÂNDIA FUNDO DE INVESTIMENTO EM INFRAESTRUTURA RENDA FIXA CRÉDITO PRIVADO;Em Funcionamento Normal;2026-08-05;Fechado;S;Profissional;N;N;N
18285;JDPBT1785938856;508390;2026-08-05;2026-08-05;SUBCLASSE II - GROELÂNDIA FUNDO DE INVESTIMENTO EM INFRAESTRUTURA RENDA FIXA CRÉDITO PRIVADO;Fase Pré-Operacional;2026-08-05;Fechado;S;Profissional;N;N;N
18771;HLUQU1743113258;198617;2025-03-27;2025-03-27;SUBCLASSE A SAFRA INFRA CDI Q26 CLASSE DE INVESTIMENTO EM INFRAESTRUTURA RENDA FIXA RESP LIMITADA;Em Funcionamento Normal;2026-08-25;Aberto;N;Profissional;N;N;N
19393;YIJII1764684642;433080;2025-12-02;2025-12-02;SUBCLASSE A MIRANDA LUAR CLASSE DE INVESTIMENTO EM INFRAESTRUTURA RENDA FIXA RESP LIMITADA;Em Funcionamento Normal;2025-12-22;Aberto;S;Profissional;N;N;N
19632;7NBTA1734640051;136506;2024-12-19;2024-12-19;SUBCLASSE IBIUNA CREDIT INVESTIMENTO EM INFRAESTRUTURA;Em Funcionamento Normal;2024-12-19;Aberto;N;Público Geral;N;N;N
19705;E2ZUF1764005060;430340;2025-11-24;2025-11-24;SUBCLASSE A VERUS VIA CAPITAL CLASSE DE INV EM COTAS DE INV EM INFRAESTRUTURA RF RESP LIMITADA;Em Funcionamento Normal;2025-11-26;Fechado;S;Profissional;N;N;N
19741;107SA1764168233;431184;2025-11-26;2025-11-26;SUBCLASSE A TELA CLASSE DE INVESTIMENTO EM COTAS DE INV EM INFRAESTRUTURA RENDA FIXA RESP LIMITADA;Em Funcionamento Normal;2025-11-28;Fechado;S;Profissional;N;N;N
19854;EWSKK1764254769;431613;2025-11-27;2025-11-27;SUBCLASSE A ESCOLA DE SAGRES CIC DE INVESTIMENTO EM INFRAESTRUTURA RENDA FIXA RESP LIMITADA;Em Funcionamento Normal;2026-01-16;Fechado;S;Profissional;N;N;N
20146;ILMKK1761829453;421162;2025-10-30;2025-10-30;SUBCLASSE A DOUBLE W INVESTMENTS CLASSE DE INV EM COTAS DE INV EM INFRAESTRUTURA RF RESP LIMITADA;Em Funcionamento Normal;2025-11-19;Fechado;S;Profissional;N;N;N
20165;QUZUL1762346116;424153;2025-11-05;2025-11-05;SUBCLASSE A MARGARIDA CLASSE DE INVESTIMENTO EM INFRAESTRUTURA RENDA FIXA RESPONSABILIDADE LIMITADA;Em Funcionamento Normal;2025-12-03;Fechado;S;Profissional;N;N;N
20176;0VWU71780929843;490466;2026-06-08;2026-06-08;SUBCLASSE SUBORDINADA SAFRA INFRA LIQUIDEZ PROGRESSIVO CI EM INFRAESTRUTURA RF RESP LIMITADA;Em Funcionamento Normal;2026-06-09;Aberto;N;Qualificado;N;N;N
20176;T3TRR1782747282;496936;2026-06-29;2026-06-29;SUBCLASSE SÊNIOR 2 SAFRA INFRA LIQUIDEZ PROGRESSIVO CLASSE DE INV EM INFRAESTRUTURA RF RESP LIMITADA;Em Funcionamento Normal;2026-06-29;Aberto;N;Qualificado;N;N;N
20203;KBTZP1763039752;426946;2025-11-13;2025-11-13;SUBCLASSE A RWK CLASSE DE INVESTIMENTO EM INFRAESTRUTURA RENDA FIXA RESP LIMITADA;Em Funcionamento Normal;2025-11-27;Aberto;S;Profissional;N;N;N
20204;2OJGG1761052863;417620;2025-10-21;2025-10-21;SUBCLASSE A TAURUS CLASSE DE INVESTIMENTO EM INFRAESTRUTURA RENDA FIXA RESP LIMITADA;Em Funcionamento Normal;2025-11-12;Aberto;S;Profissional;N;N;N
20277;IPPDN1761078091;417930;2025-10-21;2025-10-21;SUBCLASSE A J3F CLASSE DE INVESTIMENTO EM INFRAESTRUTURA RENDA FIXA RESP LIMITADA;Em Funcionamento Normal;2025-12-02;Fechado;S;Profissional;N;N;N
20285;SDQY01736978340;158186;2025-01-15;2025-01-15;SUBCLASSE SÊNIOR SAFRA INFRA CONCEITO RENDA FIXA CI EM INFRAESTRUTURA RESPONSABILIDADE LIMITADA;Em Funcionamento Normal;2025-01-24;Aberto;N;Qualificado;N;N;N
20285;VHQOI1736978054;158178;2025-01-15;2025-01-15;SUBCLASSE SUBORDINADA SAFRA INFRA CONCEITO RENDA FIXA CI EM INFRAESTRUTURA RESPONSABILIDADE LIMITADA;Em Funcionamento Normal;2025-01-24;Aberto;N;Qualificado;N;N;N
20285;WH7AJ1736977113;;2025-01-15;2025-01-15;SUBCLASSE SÊNIOR SAFRA INFRA CONCEITO RENDA FIXA CLASSE DE INVESTIMENTO EM INFRAESTRUTURA RESP LIMIT;Em Análise;2025-01-15;Aberto;N;Qualificado;N;N;N
20764;BIPUC1736979008;158208;2025-01-15;2025-01-15;SUBCLASSE SUBORDINADA SAFRA INFRA EXCLUSIVO RENDA FIXA CI EM INFRAESTRUTURA RESP LIMITADA;Em Funcionamento Normal;2025-02-14;Aberto;S;Qualificado;N;N;N
20764;Z5I6Y1736978653;158194;2025-01-15;2025-01-15;SUBCLASSE SÊNIOR SAFRA INFRA EXCLUSIVO RENDA FIXA CI EM INFRAESTRUTURA RESPONSABILIDADE LIMITADA;Em Funcionamento Normal;2025-02-14;Aberto;N;Qualificado;N;N;N
21680;7OSEJ1760531600;416096;2025-10-15;2025-10-15;SUBCLASSE A LAGO AZUL CLASSE DE INV EM INFRAESTRUTURA RENDA FIXA RESP LIMITADA;Em Funcionamento Normal;2025-11-27;Aberto;S;Profissional;N;N;N
21724;8APMM1757629441;403393;2025-09-11;2025-09-11;SUBCLASSE A CECOTI CAPITAL CIC DE INVESTIMENTO EM INFRAESTRUTURA RENDA FIXA RESP LIMITADA;Em Funcionamento Normal;2025-09-24;Fechado;S;Profissional;N;N;N
21726;HRTNP1757629319;403377;2025-09-11;2025-09-11;SUBCLASSE A LOG CAPITAL CIC DE INVESTIMENTO EM INFRAESTRUTURA RENDA FIXA RESPONSABILIDADE LIMITADA;Em Funcionamento Normal;2025-09-24;Fechado;S;Profissional;N;N;N
21852;DZHS71736866700;156728;2025-01-14;2024-12-20;SUBCLASSE A LAKESIDE CLASSE DE INVESTIMENTO RENDA FIXA EM INFRAESTRUTURA RESP LIMITADA;Em Funcionamento Normal;2025-08-15;Aberto;S;Profissional;N;N;N
21853;Q58K71736867582;156736;2025-01-14;2024-12-20;SUBCLASSE A PETTAINFRA CLASSE DE INVESTIMENTO EM INFRAESTRUTURA RENDA FIXA RESP LIMITADA;Em Funcionamento Normal;2025-09-02;Aberto;S;Profissional;N;N;N
21861;LCZMH1736523412;155764;2025-01-10;2024-12-23;SUBCLASSE A ARER CLASSE DE INVESTIMENTO EM INFRAESTRUTURA RENDA FIXA RESPONSABILIDADE LIMITADA;Em Funcionamento Normal;2025-10-10;Fechado;S;Profissional;N;N;N
21948;VNWG01736457943;155480;2025-01-09;2025-01-09;SUBCLASSE A J&H CLASSE DE INVEST EM COTAS DE INVESTIMENTO EM INFRAESTRUTURA RENDA FIXA RESP LIMITADA;Em Funcionamento Normal;2025-10-22;Aberto;S;Profissional;N;N;N
22057;T4FUH1737645283;164100;2025-01-23;2025-01-23;SUBCLASSE A PALÁDIO CLASSE DE INVESTIMENTO EM INFRAESTRUTURA RENDA FIXA RESPONSABILIDADE LIMITADA;Em Funcionamento Normal;2025-01-28;Aberto;S;Profissional;N;N;N
22310;SLCMU1741293638;183792;2025-03-06;2025-03-06;SUBCLASSE SÊNIOR SAFRA INFRA INOVAÇÃO PRÉ RF CLASSE DE INVESTIMENTO EM INFRAESTRUTURA RESP LIMITADA;Em Funcionamento Normal;2025-03-21;Fechado;N;Profissional;N;N;N
22368;NLU9D1741869903;186260;2025-03-13;2025-03-13;SUBCLASSE SÊNIOR SAFRA INFRA EXCLUSIVO PRÉ RF CI EM INFRAESTRUTURA EM RENDA FIXA RESP LIMITADA;Em Funcionamento Normal;2025-03-21;Fechado;N;Qualificado;N;N;N
22474;ZVXKW1743101710;198430;2025-03-27;2025-03-27;SUBCLASSE A TSMG CLASSE DE INVESTIMENTO EM INFRAESTRUTURA RENDA FIXA RESPONSABILIDADE LIMITADA;Fase Pré-Operacional;2025-03-27;Aberto;S;Profissional;N;N;N
22475;FWD2D1743103128;198447;2025-03-27;2025-03-27;SUBCLASSE SÊNIOR SAFRA INFRA EXCLUSIVO PRÉ II RF CI EM INFRAESTRUTURA RENDA FIXA RESP LIMITADA;Em Funcionamento Normal;2025-04-04;Fechado;N;Qualificado;N;N;N
22478;EXNTY1743109137;198544;2025-03-27;2025-03-27;SUBCLASSE SÊNIOR SAFRA INFRA INOVAÇÃO PRÉ II RF CI EM INFRAESTRUTURA RENDA FIXA RESP LIMITADA;Em Funcionamento Normal;2025-04-04;Fechado;N;Profissional;N;N;N
22501;L65DO1743606926;209180;2025-04-02;2025-04-02;SUBCLASSE A SAFRA BUILDING BLOCK INCENTIVADO IMA-B II CIC INV EM INFRAESTRUTURA RF RESP LIMITADA;Em Funcionamento Normal;2025-09-15;Aberto;N;Qualificado;N;N;N
22502;ZUOJF1743611135;209210;2025-04-02;2025-04-02;SUBCLASSE A VILA REAL 3 CLASSE DE INV EM COTAS DE INV EM INFRAESTRUTURA RENDA FIXA RESP LIMITADA;Em Funcionamento Normal;2025-08-22;Aberto;S;Profissional;N;N;N
22673;MHUXC1745927562;232450;2025-04-29;2025-04-29;SUBCLASSE A OLÍVIA CLASSE DE INVESTIMENTO RENDA FIXA EM INFRAESTRUTURA RESPONSABILIDADE LIMITADA;Em Funcionamento Normal;2025-05-20;Aberto;S;Profissional;N;N;N
22799;IKMCG1747405207;252808;2025-05-16;2025-05-15;SUBCLASSE SUBORDINADA SAFRA INFRA INOVAÇÃO PRÉ III RF CI EM INFRAESTRUTURA EM RF RESP LIMITADA;Em Funcionamento Normal;2025-05-30;Fechado;N;Qualificado;N;N;N
22799;TSEAL1747343073;251828;2025-05-15;2025-05-15;SUBCLASSE SÊNIOR SAFRA INFRA INOVAÇÃO PRÉ III RENDA FIXA CI EM INFRAESTRUTURA EM RF RESP LIMITADA;Em Funcionamento Normal;2025-05-30;Fechado;N;Qualificado;N;N;N
22800;YHTF41747347344;251925;2025-05-15;2025-05-15;SUBCLASSE SÊNIOR SAFRA INFRA INOVAÇÃO PÓS RENDA FIXA CI EM INFRAESTRUTURA EM RESP LIMITADA;Em Funcionamento Normal;2025-05-23;Fechado;N;Qualificado;N;N;N
22801;TKP4H1787959472;516430;2026-08-28;2026-08-28;SUBCLASSE SÊNIOR II SAFRA INFRA CONCEITO II CI EM INFRAESTRUTURA RENDA FIXA RESP LIMITADA;Em Funcionamento Normal;2026-08-28;Aberto;N;Qualificado;N;N;N
23533;LGEEB1755719130;393924;2025-08-20;2025-08-19;SUBCLASSE SUBORDINADA OCCAM INFRA RENDA FIXA FI INFRAESTRUTURA RESPONSABILIDADE LIMITADA;Em Funcionamento Normal;2025-08-22;Aberto;N;Profissional;N;N;N
23533;SWMA31755718914;393916;2025-08-20;2025-08-19;SUBCLASSE SÊNIOR OCCAM INFRA RENDA FIXA FI INFRAESTRUTURA RESPONSABILIDADE LIMITADA;Em Funcionamento Normal;2025-08-22;Fechado;N;Profissional;N;N;N
24395;DPNQE1762872908;426032;2025-11-11;2025-11-11;SUBCLASSE IBIUNA CREDIT IPCA+ SF INVESTIMENTO EM INFRAESTRUTURA;Em Funcionamento Normal;2025-11-14;Aberto;N;Público Geral;N;N;N
24395;RGPZ91762872805;426024;2025-11-11;2025-11-11;SUBCLASSE IBIUNA CREDIT IPCA+ INVESTIMENTO EM INFRAESTRUTURA;Em Funcionamento Normal;2025-11-28;Aberto;N;Público Geral;N;N;N
24636;SAHD11764934529;434876;2025-12-05;2025-12-05;SUBCLASSE SÊNIOR DA CLASSE DO OCCAM BB INFRA LINEAR FIF RENDA FIXA INVESTIMENTO EM INFRAESTRUTURA RL;Em Funcionamento Normal;2026-01-13;Aberto;N;Qualificado;N;N;N
24688;J0UYD1765477502;437360;2025-12-11;2025-12-11;SUBCLASSE A CEPA CLASSE DE INV EM COTAS DE INV EM INFRAESTRUTURA RENDA FIXA RESP LIMITADA;Em Funcionamento Normal;2025-12-19;Fechado;S;Profissional;N;N;N
24762;VCKSX1766171373;439975;2025-12-19;2025-12-19;SUBCLASSE A GALÁXIA CLASSE DE INVESTIMENTO EM INFRAESTRUTURA RENDA FIXA RESPONSABILIDADE LIMITADA;Em Funcionamento Normal;2026-01-19;Aberto;S;Profissional;N;N;N
24969;NYUO01769010708;449997;2026-01-21;2026-01-21;SUBCLASSE IBIUNA RF ATIVO INFRA BRS INVESTIMENTO EM INFRAESTRUTURA;Em Funcionamento Normal;2026-02-27;Aberto;N;Público Geral;N;N;N
24969;OYHVL1769010055;449970;2026-01-21;2026-01-21;SUBCLASSE IBIUNA RF ATIVO INFRA INVESTIMENTO EM INFRAESTRUTURA;Em Funcionamento Normal;2026-02-27;Aberto;N;Público Geral;N;N;N
24969;PQZDT1769010593;449980;2026-01-21;2026-01-21;SUBCLASSE IBIUNA RF ATIVO INFRA SF INVESTIMENTO EM INFRAESTRUTURA;Em Funcionamento Normal;2026-02-27;Aberto;N;Público Geral;N;N;N
25000;LIXCC1769447682;451975;2026-01-26;2026-01-26;SUBCLASSE A COCOROL CLASSE DE INVESTIMENTO EM INFRAESTRUTURA RENDA FIXA RESPONSABILIDADE LIMITADA;Em Funcionamento Normal;2026-02-10;Aberto;S;Profissional;N;N;N
25124;FQDFO1770896671;460796;2026-02-12;2026-02-12;SUBCLASSE A BBAIC INFRA CLASSE DE INVESTIMENTO EM INFRAESTRUTURA RENDA FIXA RESP LIMITADA;Em Funcionamento Normal;2026-02-25;Aberto;S;Profissional;N;N;N
25175;1GLVR1771852754;462381;2026-02-23;2026-02-23;SUBCLASSE A ATID SF CLASSE DE INVESTIMENTO EM INFRAESTRUTURA RENDA FIXA RESPONSABILIDADE LIMITADA;Em Funcionamento Normal;2026-02-26;Aberto;S;Profissional;N;N;N
25235;5QRR21772630441;465070;2026-03-04;2026-03-04;SUBCLASSE A CUMARU CLASSE DE INVESTIMENTO EM INFRAESTRUTURA RENDA FIXA RESPONSABILIDADE LIMITADA;Fase Pré-Operacional;2026-03-04;Aberto;S;Profissional;N;N;N
25262;WDLKF1773060388;466077;2026-03-09;2026-03-09;BETANADROR HOLDING CLASSE DE INV EM COTAS DE INVESTIMENTO EM INFRAESTRUTURA RENDA FIXA RESP LIMITADA;Em Funcionamento Normal;2026-05-26;Fechado;S;Profissional;N;N;N
25280;TGXXO1773234874;466867;2026-03-11;2026-03-11;SUBCLASSE A SAFRA INFRA CDI MASTER VI CLASSE DE INV EM INFRAESTRUTURA RF LONGO PRAZO RESP LIMITADA;Em Funcionamento Normal;2026-03-13;Aberto;N;Público Geral;N;N;N
25345;BSOJG1773944091;468940;2026-03-19;2026-03-19;SUBCLASSE IBIUNA CREDIT INFRA II SF INVESTIMENTO EM INFRAESTRUTURA;Em Funcionamento Normal;2026-04-06;Aberto;N;Público Geral;N;N;N
25345;NNEX41773944225;468967;2026-03-19;2026-03-19;SUBCLASSE IBIUNA CREDIT INFRA II INVESTIMENTO EM INFRAESTRUTURA;Em Funcionamento Normal;2026-04-10;Aberto;N;Público Geral;N;N;N
25347;ATZFW1776263825;475840;2026-04-15;2026-04-15;SUBCLASSE C (REGIME III) GALÁXIA II CLASSE DE INV EM INFRAESTRUTURA RENDA FIXA RESP LIMITADA;Em Funcionamento Normal;2026-04-27;Fechado;S;Profissional;N;N;N
25347;CSSBU1776263492;475831;2026-04-15;2026-04-15;SUBCLASSE B (REGIME II) GALÁXIA II CLASSE DE INVESTIMENTO EM INFRAESTRUTURA RENDA FIXA RESP LIMITADA;Em Funcionamento Normal;2026-04-27;Fechado;S;Profissional;N;N;N
25347;F8PY21773943650;468950;2026-03-19;2026-03-19;SUBCLASSE A (REGIME I) GALÁXIA II CLASSE DE INVESTIMENTO EM INFRAESTRUTURA RENDA FIXA RESP LIMITADA;Em Funcionamento Normal;2026-04-27;Fechado;S;Profissional;N;N;N
25356;FGKWX1773945811;469106;2026-03-19;2026-03-19;SUBCLASSE A ETA CLASSE DE INVESTIMENTO EM INFRAESTRUTURA RENDA FIXA RESPONSABILIDADE LIMITADA;Em Funcionamento Normal;2026-04-29;Aberto;S;Profissional;N;N;N
25399;FP2RE1774291184;470376;2026-03-23;2026-03-23;SUBCLASSE A AMOR 12 CLASSE DE INVESTIMENTO EM INFRAESTRUTURA RENDA FIXA RESPONSABILIDADE LIMITADA;Em Funcionamento Normal;2026-04-06;Aberto;S;Profissional;N;N;N
25403;YTYQF1774357871;470546;2026-03-24;2026-03-24;SUBCLASSE A SALB CLASSE DE INVESTIMENTO EM INFRAESTRUTURA RENDA FIXA RESPONSABILIDADE LIMITADA;Em Funcionamento Normal;2026-05-08;Aberto;S;Profissional;N;N;N
25416;6G5L31780410905;489573;2026-06-02;2026-06-02;SUBCLASSE I DA CLASSE DO CAPITÂNIA INFRA 30 CDI FIF RENDA FIXA INVESTIMENTO EM INFRAESTRUTURA - RL;Em Funcionamento Normal;2026-06-10;Aberto;N;Público Geral;N;N;N
25416;KLS6Y1780411008;489581;2026-06-02;2026-06-02;SUBCLASSE II DA CLASSE DO CAPITÂNIA INFRA 30 CDI FIF RENDA FIXA INVESTIMENTO EM INFRAESTRUTURA - RL;Fase Pré-Operacional;2026-06-02;Aberto;N;Público Geral;N;N;N
25508;J0ETO1775596030;473847;2026-04-07;2026-04-07;SUBCLASSE SÊNIOR SAFRA INFRA CONCEITO PRÉ CLASSE DE INV EM INFRAESTRUTURA RENDA FIXA RESP LIMITADA;Em Funcionamento Normal;2026-04-27;Fechado;N;Qualificado;N;N;N
25508;SG0ZL1775597773;473880;2026-04-07;2026-04-07;SUBCLASSE SUBORDINADA SAFRA INFRA CONCEITO PRÉ CLASSE DE INV EM INFRAESTRUTURA EM RF RESP LIMITADA;Em Funcionamento Normal;2026-04-27;Fechado;N;Qualificado;N;N;N
25566;JAP2M1776349536;476170;2026-04-16;2026-04-16;SUBCLASSE A SHIRA IV CLASSE DE INVESTIMENTO EM INFRAESTRUTURA RENDA FIXA RESP LIMITADA;Em Funcionamento Normal;2026-05-08;Aberto;S;Profissional;N;N;N
25618;XEKD61776950117;478016;2026-04-23;2026-04-23;SUBCLASSE A HEM 2 CLASSE DE INVESTIMENTO EM INFRAESTRUTURA RENDA FIXA RESPONSABILIDADE LIMITADA;Em Funcionamento Normal;2026-04-29;Aberto;S;Profissional;N;N;N
25647;6MLCP1777896549;479144;2026-05-04;2026-05-04;SUBCLASSE A PARADISE CLASSE DE INVESTIMENTO EM INFRAESTRUTURA RENDA FIXA RESPONSABILIDADE LIMITADA;Em Funcionamento Normal;2026-05-25;Aberto;S;Profissional;N;N;N
25656;26ZE21777900592;479403;2026-05-04;2026-05-04;SUBCLASSE SUBORDINADA SAFRA INFRA CONCEITO PÓS CLASSE DE INV EM INFRAESTRUTURA RF RESP LIMITADA;Em Funcionamento Normal;2026-05-29;Fechado;N;Qualificado;N;N;N
25656;V6NQW1777899230;479314;2026-05-04;2026-05-04;SUBCLASSE SÊNIOR SAFRA INFRA CONCEITO PÓS CLASSE DE INV EM INFRAESTRUTURA RENDA FIXA RESP LIMITADA;Em Funcionamento Normal;2026-05-29;Fechado;N;Qualificado;N;N;N
25694;HWDGQ1777925632;480282;2026-05-04;2026-05-04;SUBCLASSE A ACATUS II CLASSE DE INVESTIMENTO EM INFRAESTRUTURA RENDA FIXA RESPONSABILIDADE LIMITADA;Em Funcionamento Normal;2026-05-20;Aberto;S;Profissional;N;N;N
25716;Z1GRT1778073237;481122;2026-05-06;2026-05-06;SUBCLASSE A FOUR STARS II CLASSE DE INVESTIMENTO EM INFRAESTRUTURA RENDA FIXA RESP LIMITADA;Em Funcionamento Normal;2026-06-11;Aberto;S;Profissional;N;N;N
25726;0RWXA1778175077;481378;2026-05-07;2026-05-07;SUBCLASSE SUBORDINADA SAFRA INFRA CONCEITO PÓS II CLASSE DE INV EM INFRAESTRUTURA RF RESP LIMITADA;Em Funcionamento Normal;2026-05-29;Fechado;N;Qualificado;N;N;N
25726;MIIOZ1778173823;481360;2026-05-07;2026-05-07;SUBCLASSE SÊNIOR SAFRA INFRA CONCEITO PÓS II CLASSE DE INV EM INFRAESTRUTURA RF RESP LIMITADA;Em Funcionamento Normal;2026-05-29;Fechado;N;Qualificado;N;N;N
25727;ITGGN1778172046;481386;2026-05-07;2026-05-07;SUBCLASSE A INFINITY CLASSE DE INVESTIMENTO EM INFRAESTRUTURA RENDA FIXA RESPONSABILIDADE LIMITADA;Em Funcionamento Normal;2026-05-19;Aberto;S;Profissional;N;N;N
25763;QJTO31778597218;482811;2026-05-12;2026-05-12;SUBCLASSE A LACF CLASSE DE INVESTIMENTO EM INFRAESTRUTURA RENDA FIXA RESPONSABILIDADE LIMITADA;Em Funcionamento Normal;2026-05-27;Aberto;S;Profissional;N;N;N
25767;J8JYW1778594558;482927;2026-05-12;2026-05-12;SUBCLASSE A PARLA CLASSE DE INVESTIMENTO EM INFRAESTRUTURA RENDA FIXA RESPONSABILIDADE LIMITADA;Em Funcionamento Normal;2026-05-26;Aberto;S;Profissional;N;N;N
25795;LTEBX1778778772;483923;2026-05-14;2026-05-14;SUBCLASSE A SAFRA INFRA CDI MASTER VII CLASSE DE INV EM INFRAESTRUTURA RENDA FIXA RESP LIMITADA;Em Funcionamento Normal;2026-05-27;Aberto;N;Qualificado;N;N;N
25834;QN9SV1779132784;484857;2026-05-18;2026-05-18;SUBCLASSE A CAMPANARIO CLASSE DE INVESTIMENTO EM INFRAESTRUTURA RENDA FIXA RESP LIMITADA;Em Funcionamento Normal;2026-05-28;Aberto;S;Profissional;N;N;N
25940;ENVGM1780513691;489905;2026-06-03;2026-06-03;SUBCLASSE A CAPARARI II CLASSE DE INVESTIMENTO EM INFRAESTRUTURA RENDA FIXA RESP LIMITADA;Em Funcionamento Normal;2026-06-24;Aberto;S;Profissional;N;N;N
26113;56I9X1782481070;496510;2026-06-26;2026-06-26;SUBCLASSE A AURA CLASSE DE INVESTIMENTO EM INFRAESTRUTURA RENDA FIXA RESPONSABILIDADE LIMITADA;Em Funcionamento Normal;2026-07-10;Aberto;S;Profissional;N;N;N
26347;MTATS1785355395;506532;2026-07-29;2026-07-29;SUBCLASSE A SAFRA INFRA RENDA FIXA DINÂMICO CIC DE INV EM INFRAESTRUTURA RENDA FIXA RESP LIMITADA;Em Funcionamento Normal;2026-08-12;Aberto;N;Qualificado;N;N;N
26399;6VNNB1785864869;508098;2026-08-04;2026-08-04;SUBCLASSE SUBORDINADA DO XPGS MASTER RENDA FIXA FI INFRAESTRUTURA RESP LTDA;Em Funcionamento Normal;2026-08-07;Aberto;N;Qualificado;N;N;N
26436;VRFQU1786652034;511030;2026-08-13;2026-08-13;SUBCLASSE SÊNIOR SAFRA BUILDING BLOCK SMART SENIOR CI EM INFRAESTRUTURA RENDA FIXA RESP LIMITADA;Em Funcionamento Normal;2026-08-26;Fechado;N;Qualificado;N;N;N
26456;LPC941786480592;510335;2026-08-11;2026-08-11;SUBCLASSE A ALETHOS CLASSE DE INVESTIMENTO EM INFRAESTRUTURA RENDA FIXA RESPONSABILIDADE LIMITADA;Fase Pré-Operacional;2026-08-11;Aberto;S;Profissional;N;N;N
26502;NTTIY1787084627;512290;2026-08-18;2026-08-18;SUBCLASSE A TMALTA II CLASSE DE INVESTIMENTO EM INFRAESTRUTURA RENDA FIXA RESP LIMITADA;Em Funcionamento Normal;2026-08-27;Aberto;S;Profissional;N;N;N
26557;PTJKS1787668495;514330;2026-08-25;2026-08-25;SUBCLASSE A MANZANARES CLASSE DE INVESTIMENTO EM INFRAESTRUTURA RENDA FIXA RESPONSABILIDADE LIMITADA;Em Funcionamento Normal;2026-09-01;Aberto;S;Profissional;N;N;N
26612;0UUP51788184863;516562;2026-08-31;2026-08-31;SUBCLASSE A ISLANDIA CLASSE DE INVESTIMENTO EM INFRAESTRUTURA RENDA FIXA RESP LIMITADA;Fase Pré-Operacional;2026-08-31;Aberto;S;Profissional;N;N;N
26636;6XYX01788370454;517390;2026-09-02;2026-09-02;SUBCLASSE A JUNDU CLASSE DE INVESTIMENTO EM INFRAESTRUTURA RENDA FIXA RESPONSABILIDADE LIMITADA;Fase Pré-Operacional;2026-09-02;Aberto;S;Profissional;N;N;N
26679;SDWNU1788527167;518247;2026-09-04;2026-09-04;SUBCLASSE A EVN CLASSE DE INVESTIMENTO EM INFRAESTRUTURA RENDA FIXA RESPONSABILIDADE LIMITADA;Fase Pré-Operacional;2026-09-04;Aberto;S;Profissional;N;N;N
27326;1QXR01741963823;186783;2025-03-14;2024-06-13;SUBCLASSE F - POWER FUNDO DE INVESTIMENTO EM PARTICIPAÇÕES INFRAESTRUTURA;Em Liquidação;2025-05-13;Fechado;N;Profissional;N;N;N
27326;2ZNMS1741959381;186627;2025-03-14;2024-06-13;SUBCLASSE A - POWER FUNDO DE INVESTIMENTO EM PARTICIPAÇÕES INFRAESTRUTURA;Em Liquidação;2025-05-13;Fechado;S;Profissional;N;N;N
27326;70FVH1741960310;186732;2025-03-14;2024-06-13;SUBCLASSE B - POWER FUNDO DE INVESTIMENTO EM PARTICIPAÇÕES INFRAESTRUTURA;Em Liquidação;2025-05-13;Fechado;N;Profissional;N;N;N
27326;GWYMY1741964062;186791;2025-03-14;2024-06-13;SUBCLASSE G - POWER FUNDO DE INVESTIMENTO EM PARTICIPAÇÕES INFRAESTRUTURA;Em Liquidação;2025-05-13;Fechado;S;Profissional;N;N;N
27326;TTA751741963549;186767;2025-03-14;2024-06-13;SUBCLASSE C - POWER FUNDO DE INVESTIMENTO EM PARTICIPAÇÕES INFRAESTRUTURA;Em Liquidação;2025-05-13;Fechado;N;Profissional;N;N;N
27345;5TNFD1770303403;457940;2026-02-05;2025-06-30;Subclasse A da Classe Única do Lyon Capital I FIP Infraestrutura;Em Liquidação;2026-06-17;Fechado;N;Qualificado;N;N;N
27796;708AD1772118498;463752;2026-02-26;2025-01-10;SUBCLASSE A DO ELEA INFRAESTRUTURA - FUNDO DE INVESTIMENTO EM PARTICIPAÇÕES MULTIESTRATÉGIA;Em Funcionamento Normal;2026-02-26;Fechado;N;Profissional;N;N;N
27796;QMYVJ1772118632;463760;2026-02-26;2025-01-10;SUBCLASSE B DO ELEA INFRAESTRUTURA - FUNDO DE INVESTIMENTO EM PARTICIPAÇÕES MULTIESTRATÉGIA;Em Funcionamento Normal;2026-02-26;Fechado;N;Profissional;N;N;N
28142;C402C1769712712;454354;2026-01-29;2025-06-30;Subclasse D - Pátria Infraestrutura V Feeder Brasil FIP Multiestratégia Responsabilidade Limitada;Fase Pré-Operacional;2026-01-29;Fechado;N;Qualificado;N;N;N
28142;IZMCS1769712191;454346;2026-01-29;2025-06-30;Subclasse A - Pátria Infraestrutura V Feeder Brasil FIP Multiestratégia Responsabilidade Limitada;Fase Pré-Operacional;2026-01-29;Fechado;N;Profissional;N;N;N
28142;LXB751769713228;454370;2026-01-29;2025-06-30;Subclasse E - Pátria Infraestrutura V Feeder Brasil FIP Multiestratégia Responsabilidade Limitada;Fase Pré-Operacional;2026-01-29;Fechado;N;Qualificado;N;N;N
28386;BWOWB1739473867;172910;2025-02-13;2024-05-14;Subclasse D - INFRAESTRUTURA RESPONSABILIDADE LIMITADA DO XP INFRA V FUNDO DE INVESTIMENTO EM PARTIC;Fase Pré-Operacional;2025-02-13;Fechado;N;Qualificado;N;N;N
28386;C5OHG1739458307;;2024-05-14;2024-05-14;Subclasse A - INFRAESTRUTURA RESPONSABILIDADE LIMITADA DO XP INFRA V FUNDO DE INVESTIMENTO EM PARTIC;Em Análise;2025-02-13;Fechado;N;Qualificado;N;N;N
28386;ENH3M1739472594;172898;2025-02-13;2024-05-14;Subclasse B - INFRAESTRUTURA RESPONSABILIDADE LIMITADA DO XP INFRA V FUNDO DE INVESTIMENTO EM PARTIC;Fase Pré-Operacional;2025-02-13;Fechado;N;Qualificado;N;N;N
28386;G1DYQ1739473720;172901;2025-02-13;2024-05-14;Subclasse C - INFRAESTRUTURA RESPONSABILIDADE LIMITADA DO XP INFRA V FUNDO DE INVESTIMENTO EM PARTIC;Em Funcionamento Normal;2025-04-15;Fechado;N;Qualificado;N;N;N
28386;LGDUE1739470512;172880;2025-02-13;2024-05-14;Subclasse A - INFRAESTRUTURA RESPONSABILIDADE LIMITADA DO XP INFRA V FUNDO DE INVESTIMENTO EM PARTIC;Fase Pré-Operacional;2025-02-13;Fechado;N;Qualificado;N;N;N
28466;LK8Y71729888043;112224;2024-10-25;2024-08-02;Subclasse A da Classe Única do 4UM FIP INFRAESTRUTURA DE RESPONSABILIDADE LIMITADA I;Em Funcionamento Normal;2024-10-25;Fechado;N;Qualificado;N;N;N
28554;GEV4E1731441293;118184;2024-11-12;2024-10-17;G5 RIZA DELPHI FIP EM INFRAESTRUTURA RESPONSABILIDADE LIMITADA - SUBCLASSE B;Fase Pré-Operacional;2024-11-12;Fechado;N;Profissional;N;N;N
28554;RQNME1731441159;118176;2024-11-12;2024-10-17;G5 RIZA DELPHI FIP EM INFRAESTRUTURA RESPONSABILIDADE LIMITADA - SUBCLASSE A;Fase Pré-Operacional;2024-11-12;Fechado;N;Profissional;N;N;N
28555;BYXM81729283574;108677;2024-10-18;2024-10-18;Subclasse A da Classe Única do 4UM INFRA SOCIAL FIP INFRAESTRUTURA RESPONSABILIDADE LIMITADA;Em Funcionamento Normal;2025-10-31;Fechado;S;Profissional;N;N;N
28582;PZCUT1742840967;192961;2025-03-24;2025-02-28;SUBCLASSE A DO ALLIGATOR FUNDO DE INVESTIMENTO EM PARTICIPAÇÕES INFRAESTRUTURA - RESP LIMITADA;Em Funcionamento Normal;2025-03-24;Fechado;N;Qualificado;N;N;N
28582;SQQUB1742840835;192953;2025-03-24;2025-02-28;SUBCLASSE B DO ALLIGATOR FUNDO DE INVESTIMENTO EM PARTICIPAÇÕES INFRAESTRUTURA - RESP LIMITADA;Em Funcionamento Normal;2025-03-24;Fechado;N;Qualificado;N;N;N
28622;1CZQD1734708648;138940;2024-12-20;2024-12-20;SUBCLASSE A DA CLASSE ÚNICA DE COTAS DO KAMAI ENERGIA FIP EM INFRAESTRUTURA - RESP LTDA;Em Funcionamento Normal;2025-01-29;Fechado;S;;;;
28622;FARRU1734710755;;2024-12-20;2024-12-20;SUBCLASSE B DA CLASSE ÚNICA DE COTAS DO KAMAI ENERGIA FIP EM INFRAESTRUTURA - RESP LTDA;Em Análise;2024-12-20;Fechado;N;Profissional;N;N;N
28622;XSAZL1734719414;139092;2024-12-20;2024-12-20;SUBCLASSE B DA CLASSE ÚNICA DE COTAS DO KAMAI ENERGIA FIP EM INFRAESTRUTURA - RESP LTDA;Em Funcionamento Normal;2025-01-29;Fechado;N;Profissional;N;N;N
28622;YDMGT1734719242;;2024-12-20;2024-12-20;COTAS DE SUBCLASSE B DA CLASSE ÚNICA DE COTAS DO KAMAI ENERGIA FIP EM INFRAESTRUTURA - RESP LTDA;Em Análise;2024-12-20;Fechado;N;;;;
28678;7W9LD1741192864;182842;2025-02-18;2025-02-18;SUBCLASSE B DA CLASSE DO SANEAMENTO I PVT FIP EM INFRAESTRUTURA RESPONSABILIDADE LIMITADA;Em Funcionamento Normal;2025-04-08;Fechado;N;Qualificado;N;N;N
28678;TO66B1741192158;182834;2025-02-18;2025-02-18;SUBCLASSE A DA CLASSE DO SANEAMENTO I PVT FIP EM INFRAESTRUTURA RESPONSABILIDADE LIMITADA;Em Funcionamento Normal;2025-04-08;Fechado;N;Qualificado;N;N;N
28684;WRUBV1740762480;179701;2025-02-28;2025-02-28;SUBCLASSE A  DO LYON CAPITAL II FUNDO DE INVESTIMENTO EM PARTICIPAÇÕES INFRAESTRUTURA  - RESP LTDA;Em Funcionamento Normal;2025-03-27;Fechado;S;;;;
28703;3MDLX1743012258;196355;2025-03-26;2025-03-26;SUBCLASSE B DA CLASSE ÚNICA DO TALES INFRACOM FIP EM INFRAESTRUTURA - RESPONS LIMITADA;Em Funcionamento Normal;2025-03-28;Fechado;N;Profissional;N;N;N
28703;WTUSB1743012369;196363;2025-03-26;2025-03-26;SUBCLASSE C DA CLASSE ÚNICA DO TALES INFRACOM FIP EM INFRAESTRUTURA - RESPONS LIMITADA;Em Funcionamento Normal;2025-03-28;Fechado;N;Profissional;N;N;N
28703;YC5FI1743010953;196347;2025-03-26;2025-03-26;SUBCLASSE A DA CLASSE ÚNICA DO TALES INFRACOM FIP EM INFRAESTRUTURA - RESPONS LIMITADA;Em Funcionamento Normal;2025-03-28;Fechado;N;Profissional;N;N;N
28750;5BJ9F1752528431;376612;2025-07-14;2025-07-02;COTAS SUBCLASSE C1 DO AZ-AXS ENERGIA FUNDO DE INVESTIMENTO EM PARTICIPAÇÕES EM INFRAESTRUTURA;Fase Pré-Operacional;2025-07-14;Fechado;N;Qualificado;N;N;N
28750;CQU7U1753364045;380512;2025-07-24;2025-06-12;SUBCLASSE A2 DO AZ-AXS ENERGIA FUNDO DE INVESTIMENTO EM PARTICIPAÇÕES EM INFRAESTRUTURA;Em Funcionamento Normal;2025-08-05;Fechado;N;Qualificado;N;N;N
28750;OSXF01753364142;380530;2025-07-24;2025-06-12;SUBCLASSE B1 DO AZ-AXS ENERGIA FUNDO DE INVESTIMENTO EM PARTICIPAÇÕES EM INFRAESTRUTURA;Fase Pré-Operacional;2025-07-24;Fechado;N;Qualificado;N;N;N
28750;R83S51752527522;376604;2025-07-14;2025-07-02;COTAS SUBCLASSE C2 DO AZ-AXS ENERGIA FUNDO DE INVESTIMENTO EM PARTICIPAÇÕES EM INFRAESTRUTURA;Em Funcionamento Normal;2025-07-24;Fechado;N;Qualificado;N;N;N
28750;RWJE51753363875;380490;2025-07-24;2025-06-12;SUBCLASSE A1 DO AZ-AXS ENERGIA FUNDO DE INVESTIMENTO EM PARTICIPAÇÕES EM INFRAESTRUTURA;Em Funcionamento Normal;2025-08-05;Fechado;N;Qualificado;N;N;N
28750;V25GZ1753364093;380520;2025-07-24;2025-06-12;SUBCLASSE B2 DO AZ-AXS ENERGIA FUNDO DE INVESTIMENTO EM PARTICIPAÇÕES EM INFRAESTRUTURA;Em Funcionamento Normal;2025-07-24;Fechado;N;Qualificado;N;N;N
29039;AXACS1772653865;465267;2026-03-04;2026-03-04;SUBCLASSE B DO ARARA-AZUL FIP INFRAESTRUTURA RESPONSABILIDADE LIMITADA;Fase Pré-Operacional;2026-03-04;Fechado;N;Profissional;N;N;N
29039;FCIR91772653489;465250;2026-03-04;2026-03-03;SUBCLASSE A DO ARARA-AZUL FIP INFRAESTRUTURA RESPONSABILIDADE LIMITADA;Fase Pré-Operacional;2026-03-04;Fechado;N;;;;
29039;W7INK1772654033;465291;2026-03-04;2026-03-04;SUBCLASSE C DO ARARA-AZUL FIP INFRAESTRUTURA RESPONSABILIDADE LIMITADA;Fase Pré-Operacional;2026-03-04;Fechado;N;Profissional;N;N;N
29053;0OPRT1778796780;484067;2026-05-14;2026-05-14;SEXTA SÉRIE DA SUBCLASSE SÊNIOR DA CLASSE ÚNICA DO ITAÚBA FIP EM INFRAESTRUTURA RESP LIMITADA;Em Funcionamento Normal;2026-05-29;Fechado;N;Qualificado;N;N;N
29053;CET7C1774561668;471682;2026-03-26;2026-03-19;TERCEIRA SÉRIE DA SUBCLASSE SÊNIOR DA CLASSE ÚNICA DO ITAÚBA FIP EM INFRAESTRUTURA RESP LIMITADA;Em Funcionamento Normal;2026-04-17;Fechado;N;Qualificado;N;N;N
29053;EE1HL1773956275;469351;2026-03-19;2026-03-19;PRIMEIRA SÉRIE DA SUBCLASSE SÊNIOR DA CLASSE ÚNICA DO ITAÚBA FIP EM INFRAESTRUTURA RESP LIMITADA;Em Funcionamento Normal;2026-04-17;Fechado;N;;;;
29053;H2VSH1774561518;471674;2026-03-26;2026-03-19;SEGUNDA SÉRIE DA SUBCLASSE SÊNIOR DA CLASSE ÚNICA DO ITAÚBA FIP EM INFRAESTRUTURA RESP LIMITADA;Em Funcionamento Normal;2026-04-17;Fechado;N;Público Geral;N;N;N
29053;M2L2G1778796875;484075;2026-05-14;2026-05-14;SÉTIMA SÉRIE DA SUBCLASSE SÊNIOR DA CLASSE ÚNICA DO ITAÚBA FIP EM INFRAESTRUTURA RESP LIMITADA;Em Funcionamento Normal;2026-05-29;Fechado;N;Qualificado;N;N;N
29053;MGGLF1774561952;471690;2026-03-26;2026-03-19;SUBCLASSE SUBORDINADA DA CLASSE ÚNICA DO ITAÚBA FIP EM INFRAESTRUTURA RESP LIMITADA;Em Funcionamento Normal;2026-04-17;Fechado;N;Qualificado;N;N;N
29053;UJNRL1778796514;484040;2026-05-14;2026-05-14;QUARTA SÉRIE DA SUBCLASSE SÊNIOR DA CLASSE ÚNICA DO ITAÚBA FIP EM INFRAESTRUTURA RESP LIMITADA;Em Funcionamento Normal;2026-05-29;Fechado;N;Qualificado;N;N;N
29053;VJHWO1778796683;484050;2026-05-14;2026-05-14;QUINTA SÉRIE DA SUBCLASSE SÊNIOR DA CLASSE ÚNICA DO ITAÚBA FIP EM INFRAESTRUTURA RESP LIMITADA;Em Funcionamento Normal;2026-05-29;Fechado;N;Qualificado;N;N;N
29436;QBPYI1741371598;184020;2024-11-29;2024-11-29;FUNDO INV. DIR. CRED. BB VOTORANTIM HIGHLAND INFRAESTRUTURA SUBCLASSE DE COTAS SUBORDINADAS MEZANINO;Fase Pré-Operacional;2024-11-29;Fechado;N;Qualificado;N;N;N
29436;ZAR9P1741373173;184047;2024-11-29;2024-11-29;FUNDO INV. DIR. CRED. BB VOTORANTIM HIGHLAND INFRAESTRUTURA SUBCLASSE DE COTAS SUBORDINADAS JUNIORES;Fase Pré-Operacional;2024-11-29;Fechado;N;Qualificado;N;N;N
31339;LKVMR1769193264;451711;2026-01-23;2024-05-17;TAÚ PIRINEUS FIDC DE INFRAESTRUTURA RESP LIMITADA SUBCLASSE DE COTAS SUBORDINADA;Em Funcionamento Normal;2026-01-27;Aberto;N;Profissional;N;N;N
31339;NRX471769191754;451665;2026-01-23;2024-05-17;ITAÚ PIRINEUS FIDC DE INFRAESTRUTURA RESP LIMITADA SUBCLASSE DE COTAS SÊNIOR;Em Funcionamento Normal;2026-01-27;Aberto;N;Público Geral;N;N;N
31740;1THTG1769442556;451908;2026-01-26;2025-02-03;ITAÚ PIRINEUS II FIDC DE INFRAESTRUTURA RESP LIMITADA SUBCLASSE DE COTAS SÊNIOR;Em Funcionamento Normal;2026-01-28;Aberto;N;Público Geral;N;N;N
31740;5H6EM1769443400;451924;2026-01-26;2025-02-03;ITAÚ PIRINEUS II FIDC DE INFRAESTRUTURA RESP LIMITADA SUBCLASSE DE COTAS SUBORDINADA;Em Funcionamento Normal;2026-01-28;Aberto;N;Profissional;N;N;N
31740;CRTHU1769443154;451916;2026-01-26;2025-02-03;ITAÚ PIRINEUS II FIDC DE INFRAESTRUTURA RESP LIMITADA SUBCLASSE DE COTAS MEZANINO;Em Funcionamento Normal;2026-01-28;Aberto;N;Profissional;N;N;N
32540;5KBT91769623048;453560;2026-01-28;2025-04-03;ITAÚ PIRINEUS III FIDC DE INFRAESTRUTURA RESPONSABILIDADE LIMITADA SUBCLASSE DE COTAS SUBORDINADAS;Em Funcionamento Normal;2026-01-30;Aberto;N;Profissional;N;N;N
32540;HX0351769622614;453552;2026-01-28;2025-04-03;ITAÚ PIRINEUS III FIDC DE INFRAESTRUTURA RESP LIMITADA SUBCLASSE DE COTAS SUBORDINADAS MEZANINO;Em Funcionamento Normal;2026-01-30;Aberto;N;Profissional;N;N;N
32540;XJVST1769622315;453544;2026-01-28;2025-04-03;ITAÚ PIRINEUS III FIDC DE INFRAESTRUTURA RESPONSABILIDADE LIMITADA SUBCLASSE DE COTAS SÊNIOR;Em Funcionamento Normal;2026-01-30;Aberto;N;Profissional;N;N;N
